{
   "creationTimeStamp": "2024-01-19T14:41:53.088Z",
   "createdBy": "edmdev",
   "modifiedTimeStamp": "2024-01-19T14:41:59.503Z",
   "modifiedBy": "sasdemo",
   "id": "6b52cf85-f2f2-4a4c-876e-5d0aa1edc5dc",
   "name": "QS_Tree1",
   "description": "Decision Tree",
   "scoreCodeType": "dataStep",
   "algorithm": "tree",
   "function": "classification",
   "modeler": "sasdemo",
   "modelType": "dataStep",
   "trainTable": "/dataTables/dataSources/cas~fs~cas-shared-default~fs~Public/tables/HMEQ_TRAIN",
   "eventProbVar": "EM_EVENTPROBABILITY",
   "targetVariable": "BAD",
   "targetEvent": "1",
   "targetLevel": "binary",
   "tool": "Model Studio",
   "toolVersion": "8.3",
   "externalModelId": "0895f86a-dff5-4b5e-ab40-f7a53f476979",
   "modelVersionName": "1.0",
   "custom properties": []
}