{
    "name": "dmcas_lift",
    "revision": 0,
    "order": 0,
    "parameterMap": {
        "_NObs_": {
            "parameter": "_NObs_",
            "type": "num",
            "label": "Sum of Frequencies",
            "length": 8,
            "order": 9,
            "values": [
                "_NObs_"
            ],
            "preformatted": false
        },
        "_Depth_": {
            "parameter": "_Depth_",
            "type": "num",
            "label": "Depth",
            "length": 8,
            "order": 7,
            "values": [
                "_Depth_"
            ],
            "preformatted": false
        },
        "_CumRespBest_": {
            "parameter": "_CumRespBest_",
            "type": "num",
            "label": "Best Cumulative Captured Response Percentage",
            "length": 8,
            "order": 17,
            "values": [
                "_CumRespBest_"
            ],
            "preformatted": false
        },
        "_formattedPartition_": {
            "parameter": "_formattedPartition_",
            "type": "char",
            "label": "Formatted Partition",
            "length": 12,
            "order": 4,
            "values": [
                "_formattedPartition_"
            ],
            "preformatted": false
        },
        "_Column_": {
            "parameter": "_Column_",
            "type": "char",
            "label": "Analysis Variable",
            "length": 8,
            "order": 5,
            "values": [
                "_Column_"
            ],
            "preformatted": false
        },
        "_RespBest_": {
            "parameter": "_RespBest_",
            "type": "num",
            "label": "Best Captured Response Percentage",
            "length": 8,
            "order": 13,
            "values": [
                "_RespBest_"
            ],
            "preformatted": false
        },
        "_DataRole_": {
            "parameter": "_DataRole_",
            "type": "char",
            "label": "Data Role",
            "length": 10,
            "order": 2,
            "values": [
                "_DataRole_"
            ],
            "preformatted": false
        },
        "_CumResp_": {
            "parameter": "_CumResp_",
            "type": "num",
            "label": "Cumulative Captured Response Percentage",
            "length": 8,
            "order": 16,
            "values": [
                "_CumResp_"
            ],
            "preformatted": false
        },
        "_PctRespBest_": {
            "parameter": "_PctRespBest_",
            "type": "num",
            "label": "Best Response Percentage",
            "length": 8,
            "order": 21,
            "values": [
                "_PctRespBest_"
            ],
            "preformatted": false
        },
        "_Gain_": {
            "parameter": "_Gain_",
            "type": "num",
            "label": "Gain",
            "length": 8,
            "order": 24,
            "values": [
                "_Gain_"
            ],
            "preformatted": false
        },
        "_CumLift_": {
            "parameter": "_CumLift_",
            "type": "num",
            "label": "Cumulative Lift",
            "length": 8,
            "order": 18,
            "values": [
                "_CumLift_"
            ],
            "preformatted": false
        },
        "_Event_": {
            "parameter": "_Event_",
            "type": "char",
            "label": "Event",
            "length": 12,
            "order": 6,
            "values": [
                "_Event_"
            ],
            "preformatted": false
        },
        "_TargetName_": {
            "parameter": "_TargetName_",
            "type": "char",
            "label": "Target Name",
            "length": 6,
            "order": 1,
            "values": [
                "_TargetName_"
            ],
            "preformatted": false
        },
        "_PctResp_": {
            "parameter": "_PctResp_",
            "type": "num",
            "label": "Response Percentage",
            "length": 8,
            "order": 20,
            "values": [
                "_PctResp_"
            ],
            "preformatted": false
        },
        "_GainBest_": {
            "parameter": "_GainBest_",
            "type": "num",
            "label": "Best Gain",
            "length": 8,
            "order": 25,
            "values": [
                "_GainBest_"
            ],
            "preformatted": false
        },
        "_CumLiftBest_": {
            "parameter": "_CumLiftBest_",
            "type": "num",
            "label": "Best Cumulative Lift",
            "length": 8,
            "order": 19,
            "values": [
                "_CumLiftBest_"
            ],
            "preformatted": false
        },
        "_Lift_": {
            "parameter": "_Lift_",
            "type": "num",
            "label": "Lift",
            "length": 8,
            "order": 14,
            "values": [
                "_Lift_"
            ],
            "preformatted": false
        },
        "_CumPctResp_": {
            "parameter": "_CumPctResp_",
            "type": "num",
            "label": "Cumulative Response Percentage",
            "length": 8,
            "order": 22,
            "values": [
                "_CumPctResp_"
            ],
            "preformatted": false
        },
        "_NEventsBest_": {
            "parameter": "_NEventsBest_",
            "type": "num",
            "label": "Best Number of Events",
            "length": 8,
            "order": 11,
            "values": [
                "_NEventsBest_"
            ],
            "preformatted": false
        },
        "_CumPctRespBest_": {
            "parameter": "_CumPctRespBest_",
            "type": "num",
            "label": "Best Cumulative Response Percentage",
            "length": 8,
            "order": 23,
            "values": [
                "_CumPctRespBest_"
            ],
            "preformatted": false
        },
        "_Value_": {
            "parameter": "_Value_",
            "type": "num",
            "label": "Value",
            "length": 8,
            "order": 8,
            "values": [
                "_Value_"
            ],
            "preformatted": false
        },
        "_NEvents_": {
            "parameter": "_NEvents_",
            "type": "num",
            "label": "Number of Events",
            "length": 8,
            "order": 10,
            "values": [
                "_NEvents_"
            ],
            "preformatted": false
        },
        "_LiftBest_": {
            "parameter": "_LiftBest_",
            "type": "num",
            "label": "Best Lift",
            "length": 8,
            "order": 15,
            "values": [
                "_LiftBest_"
            ],
            "preformatted": false
        },
        "_PartInd_": {
            "parameter": "_PartInd_",
            "type": "num",
            "label": "Partition Indicator",
            "length": 8,
            "order": 3,
            "values": [
                "_PartInd_"
            ],
            "preformatted": false
        },
        "_Resp_": {
            "parameter": "_Resp_",
            "type": "num",
            "label": "Captured Response Percentage",
            "length": 8,
            "order": 12,
            "values": [
                "_Resp_"
            ],
            "preformatted": false
        }
    },
    "data": [
        {
            "dataMap": {
                "_NObs_": "0",
                "_Depth_": "0",
                "_CumRespBest_": "0",
                "_formattedPartition_": "           0",
                "_Column_": "predict",
                "_RespBest_": "0",
                "_DataRole_": "VALIDATE",
                "_CumResp_": "0",
                "_Event_": null,
                "_TargetName_": null,
                "_NEventsBest_": "0",
                "_Value_": "0",
                "_NEvents_": "0",
                "_PartInd_": "0",
                "_Resp_": "0"
            },
            "rowNumber": 1
        },
        {
            "dataMap": {
                "_NObs_": 302.0,
                "_Depth_": 5.0,
                "_CumRespBest_": 36.1244019138756,
                "_formattedPartition_": "           0",
                "_column_": "predict",
                "_RespBest_": 36.1244019138756,
                "_DataRole_": "VALIDATE",
                "_CumResp_": 15.1108609312943,
                "_PctRespBest_": 100.0,
                "_Gain_": 2.02217218625887,
                "_CumLift_": 3.02217218625887,
                "_Event_": "1",
                "_TargetName_": null,
                "_PctResp_": 41.8300653594771,
                "_GainBest_": 6.22488038277512,
                "_CumLiftBest_": 7.22488038277512,
                "_Lift_": 3.02217218625887,
                "_CumPctResp_": 41.8300653594771,
                "_NEventsBest_": 302.0,
                "_CumPctRespBest_": 100.0,
                "_Value_": 1.0,
                "_NEvents_": 126.32679738562,
                "_LiftBest_": 7.22488038277512,
                "_PartInd_": "0",
                "_Resp_": 15.1108609312943,
                "_Column_": "actual"
            },
            "rowNumber": 2
        },
        {
            "dataMap": {
                "_NObs_": 302.0,
                "_Depth_": 10.0,
                "_CumRespBest_": 72.2488038277512,
                "_formattedPartition_": "           0",
                "_column_": "predict",
                "_RespBest_": 36.1244019138756,
                "_DataRole_": "VALIDATE",
                "_CumResp_": 30.2217218625887,
                "_PctRespBest_": 100.0,
                "_Gain_": 2.02217218625887,
                "_CumLift_": 3.02217218625887,
                "_Event_": "1",
                "_TargetName_": null,
                "_PctResp_": 41.8300653594771,
                "_GainBest_": 6.22488038277512,
                "_CumLiftBest_": 7.22488038277512,
                "_Lift_": 3.02217218625887,
                "_CumPctResp_": 41.8300653594771,
                "_NEventsBest_": 302.0,
                "_CumPctRespBest_": 100.0,
                "_Value_": 1.0,
                "_NEvents_": 126.32679738562,
                "_LiftBest_": 7.22488038277512,
                "_PartInd_": "0",
                "_Resp_": 15.1108609312943,
                "_Column_": "actual"
            },
            "rowNumber": 3
        },
        {
            "dataMap": {
                "_NObs_": 302.0,
                "_Depth_": 15.0,
                "_CumRespBest_": 100.0,
                "_formattedPartition_": "           0",
                "_column_": "predict",
                "_RespBest_": 27.7511961722488,
                "_DataRole_": "VALIDATE",
                "_CumResp_": 45.3325827938831,
                "_PctRespBest_": 76.8211920529801,
                "_Gain_": 2.02217218625887,
                "_CumLift_": 3.02217218625887,
                "_Event_": "1",
                "_TargetName_": null,
                "_PctResp_": 41.8300653594771,
                "_GainBest_": 5.66666666666666,
                "_CumLiftBest_": 6.66666666666666,
                "_Lift_": 3.02217218625887,
                "_CumPctResp_": 41.8300653594771,
                "_NEventsBest_": 232.0,
                "_CumPctRespBest_": 92.2737306843267,
                "_Value_": 1.0,
                "_NEvents_": 126.32679738562,
                "_LiftBest_": 5.55023923444976,
                "_PartInd_": "0",
                "_Resp_": 15.1108609312943,
                "_Column_": "actual"
            },
            "rowNumber": 4
        },
        {
            "dataMap": {
                "_NObs_": 302.0,
                "_Depth_": 20.0,
                "_CumRespBest_": 100.0,
                "_formattedPartition_": "           0",
                "_column_": "predict",
                "_RespBest_": 0.0,
                "_DataRole_": "VALIDATE",
                "_CumResp_": 60.4434437251774,
                "_PctRespBest_": 0.0,
                "_Gain_": 2.02217218625887,
                "_CumLift_": 3.02217218625887,
                "_Event_": "1",
                "_TargetName_": null,
                "_PctResp_": 41.8300653594771,
                "_GainBest_": 4.0,
                "_CumLiftBest_": 5.0,
                "_Lift_": 3.02217218625887,
                "_CumPctResp_": 41.8300653594771,
                "_NEventsBest_": 0.0,
                "_CumPctRespBest_": 69.205298013245,
                "_Value_": 1.0,
                "_NEvents_": 126.32679738562,
                "_LiftBest_": 0.0,
                "_PartInd_": "0",
                "_Resp_": 15.1108609312943,
                "_Column_": "actual"
            },
            "rowNumber": 5
        },
        {
            "dataMap": {
                "_NObs_": 302.0,
                "_Depth_": 25.0,
                "_CumRespBest_": 100.0,
                "_formattedPartition_": "           0",
                "_column_": "predict",
                "_RespBest_": 0.0,
                "_DataRole_": "VALIDATE",
                "_CumResp_": 75.5543046564718,
                "_PctRespBest_": 0.0,
                "_Gain_": 2.02217218625887,
                "_CumLift_": 3.02217218625887,
                "_Event_": "1",
                "_TargetName_": null,
                "_PctResp_": 41.8300653594771,
                "_GainBest_": 3.0,
                "_CumLiftBest_": 4.0,
                "_Lift_": 3.02217218625887,
                "_CumPctResp_": 41.8300653594771,
                "_NEventsBest_": 0.0,
                "_CumPctRespBest_": 55.364238410596,
                "_Value_": 1.0,
                "_NEvents_": 126.32679738562,
                "_LiftBest_": 0.0,
                "_PartInd_": "0",
                "_Resp_": 15.1108609312943,
                "_Column_": "actual"
            },
            "rowNumber": 6
        },
        {
            "dataMap": {
                "_NObs_": 302.0,
                "_Depth_": 30.0,
                "_CumRespBest_": 100.0,
                "_formattedPartition_": "           0",
                "_column_": "predict",
                "_RespBest_": 0.0,
                "_DataRole_": "VALIDATE",
                "_CumResp_": 78.0232635977928,
                "_PctRespBest_": 0.0,
                "_Gain_": 1.60077545325976,
                "_CumLift_": 2.60077545325976,
                "_Event_": "1",
                "_TargetName_": null,
                "_PctResp_": 6.83460157266348,
                "_GainBest_": 2.33333333333333,
                "_CumLiftBest_": 3.33333333333333,
                "_Lift_": 0.4937917882642,
                "_CumPctResp_": 35.9974880616748,
                "_NEventsBest_": 0.0,
                "_CumPctRespBest_": 46.1368653421633,
                "_Value_": 0.0,
                "_NEvents_": 20.6404967494437,
                "_LiftBest_": 0.0,
                "_PartInd_": "0",
                "_Resp_": 2.46895894132102,
                "_Column_": "actual"
            },
            "rowNumber": 7
        },
        {
            "dataMap": {
                "_NObs_": 302.0,
                "_Depth_": 35.0,
                "_CumRespBest_": 100.0,
                "_formattedPartition_": "           0",
                "_column_": "predict",
                "_RespBest_": 0.0,
                "_DataRole_": "VALIDATE",
                "_CumResp_": 79.5956337454987,
                "_PctRespBest_": 0.0,
                "_Gain_": 1.2741609641571,
                "_CumLift_": 2.2741609641571,
                "_Event_": "1",
                "_TargetName_": null,
                "_PctResp_": 4.35265378636464,
                "_GainBest_": 1.85714285714285,
                "_CumLiftBest_": 2.85714285714285,
                "_Lift_": 0.31447402954117,
                "_CumPctResp_": 31.4767974509162,
                "_NEventsBest_": 0.0,
                "_CumPctRespBest_": 39.5458845789971,
                "_Value_": 0.0,
                "_NEvents_": 13.1450144348212,
                "_LiftBest_": 0.0,
                "_PartInd_": "0",
                "_Resp_": 1.57237014770588,
                "_Column_": "actual"
            },
            "rowNumber": 8
        },
        {
            "dataMap": {
                "_NObs_": 302.0,
                "_Depth_": 40.0,
                "_CumRespBest_": 100.0,
                "_formattedPartition_": "           0",
                "_column_": "predict",
                "_RespBest_": 0.0,
                "_DataRole_": "VALIDATE",
                "_CumResp_": 81.1680038932046,
                "_PctRespBest_": 0.0,
                "_Gain_": 1.02920009733011,
                "_CumLift_": 2.02920009733011,
                "_Event_": "1",
                "_TargetName_": null,
                "_PctResp_": 4.35265378636464,
                "_GainBest_": 1.49999999999999,
                "_CumLiftBest_": 2.5,
                "_Lift_": 0.31447402954117,
                "_CumPctResp_": 28.0862794928473,
                "_NEventsBest_": 0.0,
                "_CumPctRespBest_": 34.6026490066225,
                "_Value_": 0.0,
                "_NEvents_": 13.1450144348212,
                "_LiftBest_": 0.0,
                "_PartInd_": "0",
                "_Resp_": 1.57237014770588,
                "_Column_": "actual"
            },
            "rowNumber": 9
        },
        {
            "dataMap": {
                "_NObs_": 302.0,
                "_Depth_": 45.0,
                "_CumRespBest_": 100.0,
                "_formattedPartition_": "           0",
                "_column_": "predict",
                "_RespBest_": 0.0,
                "_DataRole_": "VALIDATE",
                "_CumResp_": 82.7403740409105,
                "_PctRespBest_": 0.0,
                "_Gain_": 0.8386749786869,
                "_CumLift_": 1.8386749786869,
                "_Event_": "1",
                "_TargetName_": null,
                "_PctResp_": 4.35265378636464,
                "_GainBest_": 1.22222222222222,
                "_CumLiftBest_": 2.22222222222222,
                "_Lift_": 0.31447402954117,
                "_CumPctResp_": 25.4492099699047,
                "_NEventsBest_": 0.0,
                "_CumPctRespBest_": 30.7579102281089,
                "_Value_": 0.0,
                "_NEvents_": 13.1450144348212,
                "_LiftBest_": 0.0,
                "_PartInd_": "0",
                "_Resp_": 1.57237014770588,
                "_Column_": "actual"
            },
            "rowNumber": 10
        },
        {
            "dataMap": {
                "_NObs_": 302.0,
                "_Depth_": 50.0,
                "_CumRespBest_": 100.0,
                "_formattedPartition_": "           0",
                "_column_": "predict",
                "_RespBest_": 0.0,
                "_DataRole_": "VALIDATE",
                "_CumResp_": 84.3127441886164,
                "_PctRespBest_": 0.0,
                "_Gain_": 0.68625488377232,
                "_CumLift_": 1.68625488377232,
                "_Event_": "1",
                "_TargetName_": null,
                "_PctResp_": 4.35265378636464,
                "_GainBest_": 1.0,
                "_CumLiftBest_": 2.0,
                "_Lift_": 0.31447402954117,
                "_CumPctResp_": 23.3395543515507,
                "_NEventsBest_": 0.0,
                "_CumPctRespBest_": 27.682119205298,
                "_Value_": 0.0,
                "_NEvents_": 13.1450144348212,
                "_LiftBest_": 0.0,
                "_PartInd_": "0",
                "_Resp_": 1.57237014770588,
                "_Column_": "actual"
            },
            "rowNumber": 11
        },
        {
            "dataMap": {
                "_NObs_": 302.0,
                "_Depth_": 55.0,
                "_CumRespBest_": 100.0,
                "_formattedPartition_": "           0",
                "_column_": "predict",
                "_RespBest_": 0.0,
                "_DataRole_": "VALIDATE",
                "_CumResp_": 85.8851143363222,
                "_PctRespBest_": 0.0,
                "_Gain_": 0.56154753338767,
                "_CumLift_": 1.56154753338767,
                "_Event_": "1",
                "_TargetName_": null,
                "_PctResp_": 4.35265378636464,
                "_GainBest_": 0.81818181818181,
                "_CumLiftBest_": 1.81818181818181,
                "_Lift_": 0.31447402954117,
                "_CumPctResp_": 21.6134724819883,
                "_NEventsBest_": 0.0,
                "_CumPctRespBest_": 25.1655629139072,
                "_Value_": 0.0,
                "_NEvents_": 13.1450144348212,
                "_LiftBest_": 0.0,
                "_PartInd_": "0",
                "_Resp_": 1.57237014770588,
                "_Column_": "actual"
            },
            "rowNumber": 12
        },
        {
            "dataMap": {
                "_NObs_": 302.0,
                "_Depth_": 60.0,
                "_CumRespBest_": 100.0,
                "_formattedPartition_": "           0",
                "_column_": "predict",
                "_RespBest_": 0.0,
                "_DataRole_": "VALIDATE",
                "_CumResp_": 87.4574844840281,
                "_PctRespBest_": 0.0,
                "_Gain_": 0.45762474140046,
                "_CumLift_": 1.45762474140046,
                "_Event_": "1",
                "_TargetName_": null,
                "_PctResp_": 4.35265378636464,
                "_GainBest_": 0.66666666666666,
                "_CumLiftBest_": 1.66666666666666,
                "_Lift_": 0.31447402954117,
                "_CumPctResp_": 20.1750709240197,
                "_NEventsBest_": 0.0,
                "_CumPctRespBest_": 23.0684326710816,
                "_Value_": 0.0,
                "_NEvents_": 13.1450144348212,
                "_LiftBest_": 0.0,
                "_PartInd_": "0",
                "_Resp_": 1.57237014770588,
                "_Column_": "actual"
            },
            "rowNumber": 13
        },
        {
            "dataMap": {
                "_NObs_": 302.0,
                "_Depth_": 65.0,
                "_CumRespBest_": 100.0,
                "_formattedPartition_": "           0",
                "_column_": "predict",
                "_RespBest_": 0.0,
                "_DataRole_": "VALIDATE",
                "_CumResp_": 89.029854631734,
                "_PctRespBest_": 0.0,
                "_Gain_": 0.36969007125744,
                "_CumLift_": 1.36969007125744,
                "_Event_": "1",
                "_TargetName_": null,
                "_PctResp_": 4.35265378636464,
                "_GainBest_": 0.53846153846153,
                "_CumLiftBest_": 1.53846153846153,
                "_Lift_": 0.31447402954117,
                "_CumPctResp_": 18.9579619134308,
                "_NEventsBest_": 0.0,
                "_CumPctRespBest_": 21.2939378502292,
                "_Value_": 0.0,
                "_NEvents_": 13.1450144348212,
                "_LiftBest_": 0.0,
                "_PartInd_": "0",
                "_Resp_": 1.57237014770588,
                "_Column_": "actual"
            },
            "rowNumber": 14
        },
        {
            "dataMap": {
                "_NObs_": 302.0,
                "_Depth_": 70.0,
                "_CumRespBest_": 100.0,
                "_formattedPartition_": "           0",
                "_column_": "predict",
                "_RespBest_": 0.0,
                "_DataRole_": "VALIDATE",
                "_CumResp_": 90.6022247794399,
                "_PctRespBest_": 0.0,
                "_Gain_": 0.29431749684914,
                "_CumLift_": 1.29431749684914,
                "_Event_": "1",
                "_TargetName_": null,
                "_PctResp_": 4.35265378636464,
                "_GainBest_": 0.42857142857142,
                "_CumLiftBest_": 1.42857142857142,
                "_Lift_": 0.31447402954117,
                "_CumPctResp_": 17.9147256186404,
                "_NEventsBest_": 0.0,
                "_CumPctRespBest_": 19.7729422894985,
                "_Value_": 0.0,
                "_NEvents_": 13.1450144348212,
                "_LiftBest_": 0.0,
                "_PartInd_": "0",
                "_Resp_": 1.57237014770588,
                "_Column_": "actual"
            },
            "rowNumber": 15
        },
        {
            "dataMap": {
                "_NObs_": 302.0,
                "_Depth_": 75.0,
                "_CumRespBest_": 100.0,
                "_formattedPartition_": "           0",
                "_column_": "predict",
                "_RespBest_": 0.0,
                "_DataRole_": "VALIDATE",
                "_CumResp_": 92.1745949271458,
                "_PctRespBest_": 0.0,
                "_Gain_": 0.22899459902861,
                "_CumLift_": 1.22899459902861,
                "_Event_": "1",
                "_TargetName_": null,
                "_PctResp_": 4.35265378636464,
                "_GainBest_": 0.33333333333333,
                "_CumLiftBest_": 1.33333333333333,
                "_Lift_": 0.31447402954117,
                "_CumPctResp_": 17.0105874964887,
                "_NEventsBest_": 0.0,
                "_CumPctRespBest_": 18.4547461368653,
                "_Value_": 0.0,
                "_NEvents_": 13.1450144348212,
                "_LiftBest_": 0.0,
                "_PartInd_": "0",
                "_Resp_": 1.57237014770588,
                "_Column_": "actual"
            },
            "rowNumber": 16
        },
        {
            "dataMap": {
                "_NObs_": 302.0,
                "_Depth_": 80.0,
                "_CumRespBest_": 100.0,
                "_formattedPartition_": "           0",
                "_column_": "predict",
                "_RespBest_": 0.0,
                "_DataRole_": "VALIDATE",
                "_CumResp_": 93.7469650748517,
                "_PctRespBest_": 0.0,
                "_Gain_": 0.17183706343564,
                "_CumLift_": 1.17183706343564,
                "_Event_": "1",
                "_TargetName_": null,
                "_PctResp_": 4.35265378636464,
                "_GainBest_": 0.25,
                "_CumLiftBest_": 1.25,
                "_Lift_": 0.31447402954117,
                "_CumPctResp_": 16.2194666396059,
                "_NEventsBest_": 0.0,
                "_CumPctRespBest_": 17.3013245033112,
                "_Value_": 0.0,
                "_NEvents_": 13.1450144348212,
                "_LiftBest_": 0.0,
                "_PartInd_": "0",
                "_Resp_": 1.57237014770588,
                "_Column_": "actual"
            },
            "rowNumber": 17
        },
        {
            "dataMap": {
                "_NObs_": 302.0,
                "_Depth_": 85.0,
                "_CumRespBest_": 100.0,
                "_formattedPartition_": "           0",
                "_column_": "predict",
                "_RespBest_": 0.0,
                "_DataRole_": "VALIDATE",
                "_CumResp_": 95.3193352225575,
                "_PctRespBest_": 0.0,
                "_Gain_": 0.12140394379479,
                "_CumLift_": 1.12140394379479,
                "_Event_": "1",
                "_TargetName_": null,
                "_PctResp_": 4.35265378636464,
                "_GainBest_": 0.17647058823529,
                "_CumLiftBest_": 1.17647058823529,
                "_Lift_": 0.31447402954117,
                "_CumPctResp_": 15.5214188247094,
                "_NEventsBest_": 0.0,
                "_CumPctRespBest_": 16.2835995325282,
                "_Value_": 0.0,
                "_NEvents_": 13.1450144348212,
                "_LiftBest_": 0.0,
                "_PartInd_": "0",
                "_Resp_": 1.57237014770588,
                "_Column_": "actual"
            },
            "rowNumber": 18
        },
        {
            "dataMap": {
                "_NObs_": 302.0,
                "_Depth_": 90.0,
                "_CumRespBest_": 100.0,
                "_formattedPartition_": "           0",
                "_column_": "predict",
                "_RespBest_": 0.0,
                "_DataRole_": "VALIDATE",
                "_CumResp_": 96.8917053702634,
                "_PctRespBest_": 0.0,
                "_Gain_": 0.07657450411403,
                "_CumLift_": 1.07657450411403,
                "_Event_": "1",
                "_TargetName_": null,
                "_PctResp_": 4.35265378636464,
                "_GainBest_": 0.11111111111111,
                "_CumLiftBest_": 1.11111111111111,
                "_Lift_": 0.31447402954117,
                "_CumPctResp_": 14.9009318781347,
                "_NEventsBest_": 0.0,
                "_CumPctRespBest_": 15.3789551140544,
                "_Value_": 0.0,
                "_NEvents_": 13.1450144348212,
                "_LiftBest_": 0.0,
                "_PartInd_": "0",
                "_Resp_": 1.57237014770588,
                "_Column_": "actual"
            },
            "rowNumber": 19
        },
        {
            "dataMap": {
                "_NObs_": 302.0,
                "_Depth_": 95.0,
                "_CumRespBest_": 100.0,
                "_formattedPartition_": "           0",
                "_column_": "predict",
                "_RespBest_": 0.0,
                "_DataRole_": "VALIDATE",
                "_CumResp_": 98.4640755179693,
                "_PctRespBest_": 0.0,
                "_Gain_": 0.03646395282073,
                "_CumLift_": 1.03646395282073,
                "_Event_": "1",
                "_TargetName_": null,
                "_PctResp_": 4.35265378636464,
                "_GainBest_": 0.05263157894736,
                "_CumLiftBest_": 1.05263157894736,
                "_Lift_": 0.31447402954117,
                "_CumPctResp_": 14.3457593469889,
                "_NEventsBest_": 0.0,
                "_CumPctRespBest_": 14.569536423841,
                "_Value_": 0.0,
                "_NEvents_": 13.1450144348212,
                "_LiftBest_": 0.0,
                "_PartInd_": "0",
                "_Resp_": 1.57237014770588,
                "_Column_": "actual"
            },
            "rowNumber": 20
        },
        {
            "dataMap": {
                "_NObs_": 295.0,
                "_Depth_": 100.0,
                "_CumRespBest_": 100.0,
                "_formattedPartition_": "           0",
                "_column_": "predict",
                "_RespBest_": 0.0,
                "_DataRole_": "VALIDATE",
                "_CumResp_": 99.9999999999999,
                "_PctRespBest_": 0.0,
                "_Gain_": -7.7715611723761e-16,
                "_CumLift_": 1.0,
                "_Event_": "1",
                "_TargetName_": null,
                "_PctResp_": 4.35265378636464,
                "_GainBest_": 0.0,
                "_CumLiftBest_": 1.0,
                "_Lift_": 0.30718489640611,
                "_CumPctResp_": 13.8571191778551,
                "_NEventsBest_": 0.0,
                "_CumPctRespBest_": 13.8571191778551,
                "_Value_": 0.0,
                "_NEvents_": 12.8403286697757,
                "_LiftBest_": 0.0,
                "_PartInd_": "0",
                "_Resp_": 1.53592448203058,
                "_Column_": "actual"
            },
            "rowNumber": 21
        },
        {
            "dataMap": {
                "_NObs_": "0",
                "_Depth_": "0",
                "_CumRespBest_": "0",
                "_formattedPartition_": "           1",
                "_column_": "predict",
                "_RespBest_": "0",
                "_DataRole_": "TRAIN",
                "_CumResp_": "0",
                "_Event_": null,
                "_TargetName_": null,
                "_NEventsBest_": "0",
                "_Value_": "0",
                "_NEvents_": "0",
                "_PartInd_": "1",
                "_Resp_": "0"
            },
            "rowNumber": 22
        },
        {
            "dataMap": {
                "_NObs_": 966.0,
                "_Depth_": 5.0,
                "_CumRespBest_": 36.6603415559772,
                "_formattedPartition_": "           1",
                "_column_": "predict",
                "_RespBest_": 36.6603415559772,
                "_DataRole_": "TRAIN",
                "_CumResp_": 15.2951689342235,
                "_PctRespBest_": 100.0,
                "_Gain_": 2.0590337868447,
                "_CumLift_": 3.0590337868447,
                "_Event_": "1",
                "_TargetName_": null,
                "_PctResp_": 41.7212941425248,
                "_GainBest_": 6.33206831119544,
                "_CumLiftBest_": 7.33206831119544,
                "_Lift_": 3.0590337868447,
                "_CumPctResp_": 41.7212941425248,
                "_NEventsBest_": 966.0,
                "_CumPctRespBest_": 100.0,
                "_Value_": 1.0,
                "_NEvents_": 403.02770141679,
                "_LiftBest_": 7.33206831119544,
                "_PartInd_": "1",
                "_Resp_": 15.2951689342235,
                "_Column_": "actual"
            },
            "rowNumber": 23
        },
        {
            "dataMap": {
                "_NObs_": 966.0,
                "_Depth_": 10.0,
                "_CumRespBest_": 73.3206831119544,
                "_formattedPartition_": "           1",
                "_column_": "predict",
                "_RespBest_": 36.6603415559772,
                "_DataRole_": "TRAIN",
                "_CumResp_": 30.590337868447,
                "_PctRespBest_": 100.0,
                "_Gain_": 2.0590337868447,
                "_CumLift_": 3.0590337868447,
                "_Event_": "1",
                "_TargetName_": null,
                "_PctResp_": 41.7212941425248,
                "_GainBest_": 6.33206831119544,
                "_CumLiftBest_": 7.33206831119544,
                "_Lift_": 3.0590337868447,
                "_CumPctResp_": 41.7212941425248,
                "_NEventsBest_": 966.0,
                "_CumPctRespBest_": 100.0,
                "_Value_": 1.0,
                "_NEvents_": 403.02770141679,
                "_LiftBest_": 7.33206831119544,
                "_PartInd_": "1",
                "_Resp_": 15.2951689342235,
                "_Column_": "actual"
            },
            "rowNumber": 24
        },
        {
            "dataMap": {
                "_NObs_": 966.0,
                "_Depth_": 15.0,
                "_CumRespBest_": 100.0,
                "_formattedPartition_": "           1",
                "_column_": "predict",
                "_RespBest_": 26.6793168880455,
                "_DataRole_": "TRAIN",
                "_CumResp_": 45.8855068026705,
                "_PctRespBest_": 72.7743271221532,
                "_Gain_": 2.0590337868447,
                "_CumLift_": 3.0590337868447,
                "_Event_": "1",
                "_TargetName_": null,
                "_PctResp_": 41.7212941425248,
                "_GainBest_": 5.66666666666666,
                "_CumLiftBest_": 6.66666666666666,
                "_Lift_": 3.0590337868447,
                "_CumPctResp_": 41.7212941425248,
                "_NEventsBest_": 703.0,
                "_CumPctRespBest_": 90.9247757073844,
                "_Value_": 1.0,
                "_NEvents_": 403.02770141679,
                "_LiftBest_": 5.3358633776091,
                "_PartInd_": "1",
                "_Resp_": 15.2951689342235,
                "_Column_": "actual"
            },
            "rowNumber": 25
        },
        {
            "dataMap": {
                "_NObs_": 966.0,
                "_Depth_": 20.0,
                "_CumRespBest_": 100.0,
                "_formattedPartition_": "           1",
                "_column_": "predict",
                "_RespBest_": 0.0,
                "_DataRole_": "TRAIN",
                "_CumResp_": 61.1806757368941,
                "_PctRespBest_": 0.0,
                "_Gain_": 2.0590337868447,
                "_CumLift_": 3.0590337868447,
                "_Event_": "1",
                "_TargetName_": null,
                "_PctResp_": 41.7212941425248,
                "_GainBest_": 4.0,
                "_CumLiftBest_": 5.0,
                "_Lift_": 3.0590337868447,
                "_CumPctResp_": 41.7212941425248,
                "_NEventsBest_": 0.0,
                "_CumPctRespBest_": 68.1935817805383,
                "_Value_": 1.0,
                "_NEvents_": 403.02770141679,
                "_LiftBest_": 0.0,
                "_PartInd_": "1",
                "_Resp_": 15.2951689342235,
                "_Column_": "actual"
            },
            "rowNumber": 26
        },
        {
            "dataMap": {
                "_NObs_": 966.0,
                "_Depth_": 25.0,
                "_CumRespBest_": 100.0,
                "_formattedPartition_": "           1",
                "_column_": "predict",
                "_RespBest_": 0.0,
                "_DataRole_": "TRAIN",
                "_CumResp_": 75.0507688433744,
                "_PctRespBest_": 0.0,
                "_Gain_": 2.00203075373497,
                "_CumLift_": 3.00203075373497,
                "_Event_": "1",
                "_TargetName_": null,
                "_PctResp_": 37.8340531424179,
                "_GainBest_": 3.0,
                "_CumLiftBest_": 4.0,
                "_Lift_": 2.77401862129607,
                "_CumPctResp_": 40.9438459425034,
                "_NEventsBest_": 0.0,
                "_CumPctRespBest_": 54.5548654244306,
                "_Value_": 0.0,
                "_NEvents_": 365.476953355757,
                "_LiftBest_": 0.0,
                "_PartInd_": "1",
                "_Resp_": 13.8700931064803,
                "_Column_": "actual"
            },
            "rowNumber": 27
        },
        {
            "dataMap": {
                "_NObs_": 966.0,
                "_Depth_": 30.0,
                "_CumRespBest_": 100.0,
                "_formattedPartition_": "           1",
                "_column_": "predict",
                "_RespBest_": 0.0,
                "_DataRole_": "TRAIN",
                "_CumResp_": 76.7160046132425,
                "_PctRespBest_": 0.0,
                "_Gain_": 1.55720015377475,
                "_CumLift_": 2.55720015377475,
                "_Event_": "1",
                "_TargetName_": null,
                "_PctResp_": 4.54233566625497,
                "_GainBest_": 2.33333333333333,
                "_CumLiftBest_": 3.33333333333333,
                "_Lift_": 0.3330471539736,
                "_CumPctResp_": 34.8769275631287,
                "_NEventsBest_": 0.0,
                "_CumPctRespBest_": 45.4623878536922,
                "_Value_": 0.0,
                "_NEvents_": 43.878962536023,
                "_LiftBest_": 0.0,
                "_PartInd_": "1",
                "_Resp_": 1.66523576986804,
                "_Column_": "actual"
            },
            "rowNumber": 28
        },
        {
            "dataMap": {
                "_NObs_": 966.0,
                "_Depth_": 35.0,
                "_CumRespBest_": 100.0,
                "_formattedPartition_": "           1",
                "_column_": "predict",
                "_RespBest_": 0.0,
                "_DataRole_": "TRAIN",
                "_CumResp_": 78.3812403831105,
                "_PctRespBest_": 0.0,
                "_Gain_": 1.23946401094601,
                "_CumLift_": 2.23946401094601,
                "_Event_": "1",
                "_TargetName_": null,
                "_PctResp_": 4.54233566625497,
                "_GainBest_": 1.85714285714285,
                "_CumLiftBest_": 2.85714285714285,
                "_Lift_": 0.3330471539736,
                "_CumPctResp_": 30.5434144350039,
                "_NEventsBest_": 0.0,
                "_CumPctRespBest_": 38.9677610174504,
                "_Value_": 0.0,
                "_NEvents_": 43.878962536023,
                "_LiftBest_": 0.0,
                "_PartInd_": "1",
                "_Resp_": 1.66523576986804,
                "_Column_": "actual"
            },
            "rowNumber": 29
        },
        {
            "dataMap": {
                "_NObs_": 966.0,
                "_Depth_": 40.0,
                "_CumRespBest_": 100.0,
                "_formattedPartition_": "           1",
                "_column_": "predict",
                "_RespBest_": 0.0,
                "_DataRole_": "TRAIN",
                "_CumResp_": 80.0464761529786,
                "_PctRespBest_": 0.0,
                "_Gain_": 1.00116190382446,
                "_CumLift_": 2.00116190382446,
                "_Event_": "1",
                "_TargetName_": null,
                "_PctResp_": 4.54233566625497,
                "_GainBest_": 1.5,
                "_CumLiftBest_": 2.5,
                "_Lift_": 0.3330471539736,
                "_CumPctResp_": 27.2932795889102,
                "_NEventsBest_": 0.0,
                "_CumPctRespBest_": 34.0967908902691,
                "_Value_": 0.0,
                "_NEvents_": 43.878962536023,
                "_LiftBest_": 0.0,
                "_PartInd_": "1",
                "_Resp_": 1.66523576986804,
                "_Column_": "actual"
            },
            "rowNumber": 30
        },
        {
            "dataMap": {
                "_NObs_": 966.0,
                "_Depth_": 45.0,
                "_CumRespBest_": 100.0,
                "_formattedPartition_": "           1",
                "_column_": "predict",
                "_RespBest_": 0.0,
                "_DataRole_": "TRAIN",
                "_CumResp_": 81.7117119228466,
                "_PctRespBest_": 0.0,
                "_Gain_": 0.8158158205077,
                "_CumLift_": 1.8158158205077,
                "_Event_": "1",
                "_TargetName_": null,
                "_PctResp_": 4.54233566625497,
                "_GainBest_": 1.22222222222222,
                "_CumLiftBest_": 2.22222222222222,
                "_Lift_": 0.3330471539736,
                "_CumPctResp_": 24.7653969308374,
                "_NEventsBest_": 0.0,
                "_CumPctRespBest_": 30.3082585691281,
                "_Value_": 0.0,
                "_NEvents_": 43.878962536023,
                "_LiftBest_": 0.0,
                "_PartInd_": "1",
                "_Resp_": 1.66523576986804,
                "_Column_": "actual"
            },
            "rowNumber": 31
        },
        {
            "dataMap": {
                "_NObs_": 966.0,
                "_Depth_": 50.0,
                "_CumRespBest_": 100.0,
                "_formattedPartition_": "           1",
                "_column_": "predict",
                "_RespBest_": 0.0,
                "_DataRole_": "TRAIN",
                "_CumResp_": 83.3769476927147,
                "_PctRespBest_": 0.0,
                "_Gain_": 0.66753895385429,
                "_CumLift_": 1.66753895385429,
                "_Event_": "1",
                "_TargetName_": null,
                "_PctResp_": 4.54233566625497,
                "_GainBest_": 1.0,
                "_CumLiftBest_": 2.0,
                "_Lift_": 0.3330471539736,
                "_CumPctResp_": 22.7430908043792,
                "_NEventsBest_": 0.0,
                "_CumPctRespBest_": 27.2774327122153,
                "_Value_": 0.0,
                "_NEvents_": 43.878962536023,
                "_LiftBest_": 0.0,
                "_PartInd_": "1",
                "_Resp_": 1.66523576986804,
                "_Column_": "actual"
            },
            "rowNumber": 32
        },
        {
            "dataMap": {
                "_NObs_": 966.0,
                "_Depth_": 55.0,
                "_CumRespBest_": 100.0,
                "_formattedPartition_": "           1",
                "_column_": "predict",
                "_RespBest_": 0.0,
                "_DataRole_": "TRAIN",
                "_CumResp_": 85.0421834625827,
                "_PctRespBest_": 0.0,
                "_Gain_": 0.5462215175015,
                "_CumLift_": 1.5462215175015,
                "_Event_": "1",
                "_TargetName_": null,
                "_PctResp_": 4.54233566625497,
                "_GainBest_": 0.81818181818181,
                "_CumLiftBest_": 1.81818181818181,
                "_Lift_": 0.3330471539736,
                "_CumPctResp_": 21.0884767009133,
                "_NEventsBest_": 0.0,
                "_CumPctRespBest_": 24.7976661020139,
                "_Value_": 0.0,
                "_NEvents_": 43.878962536023,
                "_LiftBest_": 0.0,
                "_PartInd_": "1",
                "_Resp_": 1.66523576986804,
                "_Column_": "actual"
            },
            "rowNumber": 33
        },
        {
            "dataMap": {
                "_NObs_": 966.0,
                "_Depth_": 60.0,
                "_CumRespBest_": 100.0,
                "_formattedPartition_": "           1",
                "_column_": "predict",
                "_RespBest_": 0.0,
                "_DataRole_": "TRAIN",
                "_CumResp_": 86.7074192324508,
                "_PctRespBest_": 0.0,
                "_Gain_": 0.44512365387418,
                "_CumLift_": 1.44512365387418,
                "_Event_": "1",
                "_TargetName_": null,
                "_PctResp_": 4.54233566625497,
                "_GainBest_": 0.66666666666666,
                "_CumLiftBest_": 1.66666666666666,
                "_Lift_": 0.3330471539736,
                "_CumPctResp_": 19.7096316146918,
                "_NEventsBest_": 0.0,
                "_CumPctRespBest_": 22.7311939268461,
                "_Value_": 0.0,
                "_NEvents_": 43.878962536023,
                "_LiftBest_": 0.0,
                "_PartInd_": "1",
                "_Resp_": 1.66523576986804,
                "_Column_": "actual"
            },
            "rowNumber": 34
        },
        {
            "dataMap": {
                "_NObs_": 966.0,
                "_Depth_": 65.0,
                "_CumRespBest_": 100.0,
                "_formattedPartition_": "           1",
                "_column_": "predict",
                "_RespBest_": 0.0,
                "_DataRole_": "TRAIN",
                "_CumResp_": 88.3726550023188,
                "_PctRespBest_": 0.0,
                "_Gain_": 0.35957930772798,
                "_CumLift_": 1.35957930772798,
                "_Event_": "1",
                "_TargetName_": null,
                "_PctResp_": 4.54233566625497,
                "_GainBest_": 0.53846153846153,
                "_CumLiftBest_": 1.53846153846153,
                "_Lift_": 0.3330471539736,
                "_CumPctResp_": 18.5429165417351,
                "_NEventsBest_": 0.0,
                "_CumPctRespBest_": 20.9826405478579,
                "_Value_": 0.0,
                "_NEvents_": 43.878962536023,
                "_LiftBest_": 0.0,
                "_PartInd_": "1",
                "_Resp_": 1.66523576986804,
                "_Column_": "actual"
            },
            "rowNumber": 35
        },
        {
            "dataMap": {
                "_NObs_": 966.0,
                "_Depth_": 70.0,
                "_CumRespBest_": 100.0,
                "_formattedPartition_": "           1",
                "_column_": "predict",
                "_RespBest_": 0.0,
                "_DataRole_": "TRAIN",
                "_CumResp_": 90.0378907721869,
                "_PctRespBest_": 0.0,
                "_Gain_": 0.28625558245981,
                "_CumLift_": 1.28625558245981,
                "_Event_": "1",
                "_TargetName_": null,
                "_PctResp_": 4.54233566625497,
                "_GainBest_": 0.42857142857142,
                "_CumLiftBest_": 1.42857142857142,
                "_Lift_": 0.3330471539736,
                "_CumPctResp_": 17.5428750506294,
                "_NEventsBest_": 0.0,
                "_CumPctRespBest_": 19.4838805087252,
                "_Value_": 0.0,
                "_NEvents_": 43.878962536023,
                "_LiftBest_": 0.0,
                "_PartInd_": "1",
                "_Resp_": 1.66523576986804,
                "_Column_": "actual"
            },
            "rowNumber": 36
        },
        {
            "dataMap": {
                "_NObs_": 966.0,
                "_Depth_": 75.0,
                "_CumRespBest_": 100.0,
                "_formattedPartition_": "           1",
                "_column_": "predict",
                "_RespBest_": 0.0,
                "_DataRole_": "TRAIN",
                "_CumResp_": 91.7031265420549,
                "_PctRespBest_": 0.0,
                "_Gain_": 0.22270835389406,
                "_CumLift_": 1.22270835389406,
                "_Event_": "1",
                "_TargetName_": null,
                "_PctResp_": 4.54233566625497,
                "_GainBest_": 0.33333333333333,
                "_CumLiftBest_": 1.33333333333333,
                "_Lift_": 0.3330471539736,
                "_CumPctResp_": 16.6761724250044,
                "_NEventsBest_": 0.0,
                "_CumPctRespBest_": 18.1849551414768,
                "_Value_": 0.0,
                "_NEvents_": 43.878962536023,
                "_LiftBest_": 0.0,
                "_PartInd_": "1",
                "_Resp_": 1.66523576986804,
                "_Column_": "actual"
            },
            "rowNumber": 37
        },
        {
            "dataMap": {
                "_NObs_": 966.0,
                "_Depth_": 80.0,
                "_CumRespBest_": 100.0,
                "_formattedPartition_": "           1",
                "_column_": "predict",
                "_RespBest_": 0.0,
                "_DataRole_": "TRAIN",
                "_CumResp_": 93.368362311923,
                "_PctRespBest_": 0.0,
                "_Gain_": 0.16710452889903,
                "_CumLift_": 1.16710452889903,
                "_Event_": "1",
                "_TargetName_": null,
                "_PctResp_": 4.54233566625497,
                "_GainBest_": 0.25,
                "_CumLiftBest_": 1.25,
                "_Lift_": 0.3330471539736,
                "_CumPctResp_": 15.9178076275826,
                "_NEventsBest_": 0.0,
                "_CumPctRespBest_": 17.0483954451345,
                "_Value_": 0.0,
                "_NEvents_": 43.878962536023,
                "_LiftBest_": 0.0,
                "_PartInd_": "1",
                "_Resp_": 1.66523576986804,
                "_Column_": "actual"
            },
            "rowNumber": 38
        },
        {
            "dataMap": {
                "_NObs_": 966.0,
                "_Depth_": 85.0,
                "_CumRespBest_": 100.0,
                "_formattedPartition_": "           1",
                "_column_": "predict",
                "_RespBest_": 0.0,
                "_DataRole_": "TRAIN",
                "_CumResp_": 95.033598081791,
                "_PctRespBest_": 0.0,
                "_Gain_": 0.11804233037401,
                "_CumLift_": 1.11804233037401,
                "_Event_": "1",
                "_TargetName_": null,
                "_PctResp_": 4.54233566625497,
                "_GainBest_": 0.17647058823529,
                "_CumLiftBest_": 1.17647058823529,
                "_Lift_": 0.3330471539736,
                "_CumPctResp_": 15.2486622180927,
                "_NEventsBest_": 0.0,
                "_CumPctRespBest_": 16.0455486542443,
                "_Value_": 0.0,
                "_NEvents_": 43.878962536023,
                "_LiftBest_": 0.0,
                "_PartInd_": "1",
                "_Resp_": 1.66523576986804,
                "_Column_": "actual"
            },
            "rowNumber": 39
        },
        {
            "dataMap": {
                "_NObs_": 966.0,
                "_Depth_": 90.0,
                "_CumRespBest_": 100.0,
                "_formattedPartition_": "           1",
                "_column_": "predict",
                "_RespBest_": 0.0,
                "_DataRole_": "TRAIN",
                "_CumResp_": 96.6988338516591,
                "_PctRespBest_": 0.0,
                "_Gain_": 0.07443148724065,
                "_CumLift_": 1.07443148724065,
                "_Event_": "1",
                "_TargetName_": null,
                "_PctResp_": 4.54233566625497,
                "_GainBest_": 0.11111111111111,
                "_CumLiftBest_": 1.11111111111111,
                "_Lift_": 0.3330471539736,
                "_CumPctResp_": 14.6538662985462,
                "_NEventsBest_": 0.0,
                "_CumPctRespBest_": 15.154129284564,
                "_Value_": 0.0,
                "_NEvents_": 43.878962536023,
                "_LiftBest_": 0.0,
                "_PartInd_": "1",
                "_Resp_": 1.66523576986804,
                "_Column_": "actual"
            },
            "rowNumber": 40
        },
        {
            "dataMap": {
                "_NObs_": 966.0,
                "_Depth_": 95.0,
                "_CumRespBest_": 100.0,
                "_formattedPartition_": "           1",
                "_column_": "predict",
                "_RespBest_": 0.0,
                "_DataRole_": "TRAIN",
                "_CumResp_": 98.3640696215271,
                "_PctRespBest_": 0.0,
                "_Gain_": 0.03541125917397,
                "_CumLift_": 1.03541125917397,
                "_Event_": "1",
                "_TargetName_": null,
                "_PctResp_": 4.54233566625497,
                "_GainBest_": 0.05263157894736,
                "_CumLiftBest_": 1.05263157894736,
                "_Lift_": 0.3330471539736,
                "_CumPctResp_": 14.121680475794,
                "_NEventsBest_": 0.0,
                "_CumPctRespBest_": 14.3565435327449,
                "_Value_": 0.0,
                "_NEvents_": 43.878962536023,
                "_LiftBest_": 0.0,
                "_PartInd_": "1",
                "_Resp_": 1.66523576986804,
                "_Column_": "actual"
            },
            "rowNumber": 41
        },
        {
            "dataMap": {
                "_NObs_": 949.0,
                "_Depth_": 100.0,
                "_CumRespBest_": 100.0,
                "_formattedPartition_": "           1",
                "_column_": "predict",
                "_RespBest_": 0.0,
                "_DataRole_": "TRAIN",
                "_CumResp_": 100.0,
                "_PctRespBest_": 0.0,
                "_Gain_": 4.4408920985006e-16,
                "_CumLift_": 1.0,
                "_Event_": "1",
                "_TargetName_": null,
                "_PctResp_": 4.54233566625497,
                "_GainBest_": 0.0,
                "_CumLiftBest_": 1.0,
                "_Lift_": 0.32718607569457,
                "_CumPctResp_": 13.6507278661348,
                "_NEventsBest_": 0.0,
                "_CumPctRespBest_": 13.6507278661348,
                "_Value_": 0.0,
                "_NEvents_": 43.1067654727597,
                "_LiftBest_": 0.0,
                "_PartInd_": "1",
                "_Resp_": 1.63593037847285,
                "_Column_": "actual"
            },
            "rowNumber": 42
        },
        {
            "dataMap": {
                "_NObs_": "0",
                "_Depth_": "0",
                "_CumRespBest_": "0",
                "_formattedPartition_": "           2",
                "_column_": "predict",
                "_RespBest_": "0",
                "_DataRole_": "TEST",
                "_CumResp_": "0",
                "_Event_": null,
                "_TargetName_": null,
                "_NEventsBest_": "0",
                "_Value_": "0",
                "_NEvents_": "0",
                "_PartInd_": "2",
                "_Resp_": "0"
            },
            "rowNumber": 43
        },
        {
            "dataMap": {
                "_NObs_": 302.0,
                "_Depth_": 5.0,
                "_CumRespBest_": 36.1244019138756,
                "_formattedPartition_": "           2",
                "_column_": "predict",
                "_RespBest_": 36.1244019138756,
                "_DataRole_": "TEST",
                "_CumResp_": 15.1108609312943,
                "_PctRespBest_": 100.0,
                "_Gain_": 2.02217218625887,
                "_CumLift_": 3.02217218625887,
                "_Event_": "1",
                "_TargetName_": null,
                "_PctResp_": 41.8300653594771,
                "_GainBest_": 6.22488038277512,
                "_CumLiftBest_": 7.22488038277512,
                "_Lift_": 3.02217218625887,
                "_CumPctResp_": 41.8300653594771,
                "_NEventsBest_": 302.0,
                "_CumPctRespBest_": 100.0,
                "_Value_": 1.0,
                "_NEvents_": 126.32679738562,
                "_LiftBest_": 7.22488038277512,
                "_PartInd_": "2",
                "_Resp_": 15.1108609312943,
                "_Column_": "actual"
            },
            "rowNumber": 44
        },
        {
            "dataMap": {
                "_NObs_": 302.0,
                "_Depth_": 10.0,
                "_CumRespBest_": 72.2488038277512,
                "_formattedPartition_": "           2",
                "_column_": "predict",
                "_RespBest_": 36.1244019138756,
                "_DataRole_": "TEST",
                "_CumResp_": 30.2217218625887,
                "_PctRespBest_": 100.0,
                "_Gain_": 2.02217218625887,
                "_CumLift_": 3.02217218625887,
                "_Event_": "1",
                "_TargetName_": null,
                "_PctResp_": 41.8300653594771,
                "_GainBest_": 6.22488038277512,
                "_CumLiftBest_": 7.22488038277512,
                "_Lift_": 3.02217218625887,
                "_CumPctResp_": 41.8300653594771,
                "_NEventsBest_": 302.0,
                "_CumPctRespBest_": 100.0,
                "_Value_": 1.0,
                "_NEvents_": 126.32679738562,
                "_LiftBest_": 7.22488038277512,
                "_PartInd_": "2",
                "_Resp_": 15.1108609312943,
                "_Column_": "actual"
            },
            "rowNumber": 45
        },
        {
            "dataMap": {
                "_NObs_": 302.0,
                "_Depth_": 15.0,
                "_CumRespBest_": 100.0,
                "_formattedPartition_": "           2",
                "_column_": "predict",
                "_RespBest_": 27.7511961722488,
                "_DataRole_": "TEST",
                "_CumResp_": 45.3325827938831,
                "_PctRespBest_": 76.8211920529801,
                "_Gain_": 2.02217218625887,
                "_CumLift_": 3.02217218625887,
                "_Event_": "1",
                "_TargetName_": null,
                "_PctResp_": 41.8300653594771,
                "_GainBest_": 5.66666666666666,
                "_CumLiftBest_": 6.66666666666666,
                "_Lift_": 3.02217218625887,
                "_CumPctResp_": 41.8300653594771,
                "_NEventsBest_": 232.0,
                "_CumPctRespBest_": 92.2737306843267,
                "_Value_": 1.0,
                "_NEvents_": 126.32679738562,
                "_LiftBest_": 5.55023923444976,
                "_PartInd_": "2",
                "_Resp_": 15.1108609312943,
                "_Column_": "actual"
            },
            "rowNumber": 46
        },
        {
            "dataMap": {
                "_NObs_": 302.0,
                "_Depth_": 20.0,
                "_CumRespBest_": 100.0,
                "_formattedPartition_": "           2",
                "_column_": "predict",
                "_RespBest_": 0.0,
                "_DataRole_": "TEST",
                "_CumResp_": 60.4434437251774,
                "_PctRespBest_": 0.0,
                "_Gain_": 2.02217218625887,
                "_CumLift_": 3.02217218625887,
                "_Event_": "1",
                "_TargetName_": null,
                "_PctResp_": 41.8300653594771,
                "_GainBest_": 4.0,
                "_CumLiftBest_": 5.0,
                "_Lift_": 3.02217218625887,
                "_CumPctResp_": 41.8300653594771,
                "_NEventsBest_": 0.0,
                "_CumPctRespBest_": 69.205298013245,
                "_Value_": 1.0,
                "_NEvents_": 126.32679738562,
                "_LiftBest_": 0.0,
                "_PartInd_": "2",
                "_Resp_": 15.1108609312943,
                "_Column_": "actual"
            },
            "rowNumber": 47
        },
        {
            "dataMap": {
                "_NObs_": 302.0,
                "_Depth_": 25.0,
                "_CumRespBest_": 100.0,
                "_formattedPartition_": "           2",
                "_column_": "predict",
                "_RespBest_": 0.0,
                "_DataRole_": "TEST",
                "_CumResp_": 75.5543046564718,
                "_PctRespBest_": 0.0,
                "_Gain_": 2.02217218625887,
                "_CumLift_": 3.02217218625887,
                "_Event_": "1",
                "_TargetName_": null,
                "_PctResp_": 41.8300653594771,
                "_GainBest_": 3.0,
                "_CumLiftBest_": 4.0,
                "_Lift_": 3.02217218625887,
                "_CumPctResp_": 41.8300653594771,
                "_NEventsBest_": 0.0,
                "_CumPctRespBest_": 55.364238410596,
                "_Value_": 1.0,
                "_NEvents_": 126.32679738562,
                "_LiftBest_": 0.0,
                "_PartInd_": "2",
                "_Resp_": 15.1108609312943,
                "_Column_": "actual"
            },
            "rowNumber": 48
        },
        {
            "dataMap": {
                "_NObs_": 302.0,
                "_Depth_": 30.0,
                "_CumRespBest_": 100.0,
                "_formattedPartition_": "           2",
                "_column_": "predict",
                "_RespBest_": 0.0,
                "_DataRole_": "TEST",
                "_CumResp_": 78.0232635977928,
                "_PctRespBest_": 0.0,
                "_Gain_": 1.60077545325976,
                "_CumLift_": 2.60077545325976,
                "_Event_": "1",
                "_TargetName_": null,
                "_PctResp_": 6.83460157266348,
                "_GainBest_": 2.33333333333333,
                "_CumLiftBest_": 3.33333333333333,
                "_Lift_": 0.4937917882642,
                "_CumPctResp_": 35.9974880616748,
                "_NEventsBest_": 0.0,
                "_CumPctRespBest_": 46.1368653421633,
                "_Value_": 0.0,
                "_NEvents_": 20.6404967494437,
                "_LiftBest_": 0.0,
                "_PartInd_": "2",
                "_Resp_": 2.46895894132102,
                "_Column_": "actual"
            },
            "rowNumber": 49
        },
        {
            "dataMap": {
                "_NObs_": 302.0,
                "_Depth_": 35.0,
                "_CumRespBest_": 100.0,
                "_formattedPartition_": "           2",
                "_column_": "predict",
                "_RespBest_": 0.0,
                "_DataRole_": "TEST",
                "_CumResp_": 79.5956337454987,
                "_PctRespBest_": 0.0,
                "_Gain_": 1.2741609641571,
                "_CumLift_": 2.2741609641571,
                "_Event_": "1",
                "_TargetName_": null,
                "_PctResp_": 4.35265378636464,
                "_GainBest_": 1.85714285714285,
                "_CumLiftBest_": 2.85714285714285,
                "_Lift_": 0.31447402954117,
                "_CumPctResp_": 31.4767974509162,
                "_NEventsBest_": 0.0,
                "_CumPctRespBest_": 39.5458845789971,
                "_Value_": 0.0,
                "_NEvents_": 13.1450144348212,
                "_LiftBest_": 0.0,
                "_PartInd_": "2",
                "_Resp_": 1.57237014770588,
                "_Column_": "actual"
            },
            "rowNumber": 50
        },
        {
            "dataMap": {
                "_NObs_": 302.0,
                "_Depth_": 40.0,
                "_CumRespBest_": 100.0,
                "_formattedPartition_": "           2",
                "_column_": "predict",
                "_RespBest_": 0.0,
                "_DataRole_": "TEST",
                "_CumResp_": 81.1680038932046,
                "_PctRespBest_": 0.0,
                "_Gain_": 1.02920009733011,
                "_CumLift_": 2.02920009733011,
                "_Event_": "1",
                "_TargetName_": null,
                "_PctResp_": 4.35265378636464,
                "_GainBest_": 1.49999999999999,
                "_CumLiftBest_": 2.5,
                "_Lift_": 0.31447402954117,
                "_CumPctResp_": 28.0862794928473,
                "_NEventsBest_": 0.0,
                "_CumPctRespBest_": 34.6026490066225,
                "_Value_": 0.0,
                "_NEvents_": 13.1450144348212,
                "_LiftBest_": 0.0,
                "_PartInd_": "2",
                "_Resp_": 1.57237014770588,
                "_Column_": "actual"
            },
            "rowNumber": 51
        },
        {
            "dataMap": {
                "_NObs_": 302.0,
                "_Depth_": 45.0,
                "_CumRespBest_": 100.0,
                "_formattedPartition_": "           2",
                "_column_": "predict",
                "_RespBest_": 0.0,
                "_DataRole_": "TEST",
                "_CumResp_": 82.7403740409105,
                "_PctRespBest_": 0.0,
                "_Gain_": 0.8386749786869,
                "_CumLift_": 1.8386749786869,
                "_Event_": "1",
                "_TargetName_": null,
                "_PctResp_": 4.35265378636464,
                "_GainBest_": 1.22222222222222,
                "_CumLiftBest_": 2.22222222222222,
                "_Lift_": 0.31447402954117,
                "_CumPctResp_": 25.4492099699047,
                "_NEventsBest_": 0.0,
                "_CumPctRespBest_": 30.7579102281089,
                "_Value_": 0.0,
                "_NEvents_": 13.1450144348212,
                "_LiftBest_": 0.0,
                "_PartInd_": "2",
                "_Resp_": 1.57237014770588,
                "_Column_": "actual"
            },
            "rowNumber": 52
        },
        {
            "dataMap": {
                "_NObs_": 302.0,
                "_Depth_": 50.0,
                "_CumRespBest_": 100.0,
                "_formattedPartition_": "           2",
                "_column_": "predict",
                "_RespBest_": 0.0,
                "_DataRole_": "TEST",
                "_CumResp_": 84.3127441886164,
                "_PctRespBest_": 0.0,
                "_Gain_": 0.68625488377232,
                "_CumLift_": 1.68625488377232,
                "_Event_": "1",
                "_TargetName_": null,
                "_PctResp_": 4.35265378636464,
                "_GainBest_": 1.0,
                "_CumLiftBest_": 2.0,
                "_Lift_": 0.31447402954117,
                "_CumPctResp_": 23.3395543515507,
                "_NEventsBest_": 0.0,
                "_CumPctRespBest_": 27.682119205298,
                "_Value_": 0.0,
                "_NEvents_": 13.1450144348212,
                "_LiftBest_": 0.0,
                "_PartInd_": "2",
                "_Resp_": 1.57237014770588,
                "_Column_": "actual"
            },
            "rowNumber": 53
        },
        {
            "dataMap": {
                "_NObs_": 302.0,
                "_Depth_": 55.0,
                "_CumRespBest_": 100.0,
                "_formattedPartition_": "           2",
                "_column_": "predict",
                "_RespBest_": 0.0,
                "_DataRole_": "TEST",
                "_CumResp_": 85.8851143363222,
                "_PctRespBest_": 0.0,
                "_Gain_": 0.56154753338767,
                "_CumLift_": 1.56154753338767,
                "_Event_": "1",
                "_TargetName_": null,
                "_PctResp_": 4.35265378636464,
                "_GainBest_": 0.81818181818181,
                "_CumLiftBest_": 1.81818181818181,
                "_Lift_": 0.31447402954117,
                "_CumPctResp_": 21.6134724819883,
                "_NEventsBest_": 0.0,
                "_CumPctRespBest_": 25.1655629139072,
                "_Value_": 0.0,
                "_NEvents_": 13.1450144348212,
                "_LiftBest_": 0.0,
                "_PartInd_": "2",
                "_Resp_": 1.57237014770588,
                "_Column_": "actual"
            },
            "rowNumber": 54
        },
        {
            "dataMap": {
                "_NObs_": 302.0,
                "_Depth_": 60.0,
                "_CumRespBest_": 100.0,
                "_formattedPartition_": "           2",
                "_column_": "predict",
                "_RespBest_": 0.0,
                "_DataRole_": "TEST",
                "_CumResp_": 87.4574844840281,
                "_PctRespBest_": 0.0,
                "_Gain_": 0.45762474140046,
                "_CumLift_": 1.45762474140046,
                "_Event_": "1",
                "_TargetName_": null,
                "_PctResp_": 4.35265378636464,
                "_GainBest_": 0.66666666666666,
                "_CumLiftBest_": 1.66666666666666,
                "_Lift_": 0.31447402954117,
                "_CumPctResp_": 20.1750709240197,
                "_NEventsBest_": 0.0,
                "_CumPctRespBest_": 23.0684326710816,
                "_Value_": 0.0,
                "_NEvents_": 13.1450144348212,
                "_LiftBest_": 0.0,
                "_PartInd_": "2",
                "_Resp_": 1.57237014770588,
                "_Column_": "actual"
            },
            "rowNumber": 55
        },
        {
            "dataMap": {
                "_NObs_": 302.0,
                "_Depth_": 65.0,
                "_CumRespBest_": 100.0,
                "_formattedPartition_": "           2",
                "_column_": "predict",
                "_RespBest_": 0.0,
                "_DataRole_": "TEST",
                "_CumResp_": 89.029854631734,
                "_PctRespBest_": 0.0,
                "_Gain_": 0.36969007125744,
                "_CumLift_": 1.36969007125744,
                "_Event_": "1",
                "_TargetName_": null,
                "_PctResp_": 4.35265378636464,
                "_GainBest_": 0.53846153846153,
                "_CumLiftBest_": 1.53846153846153,
                "_Lift_": 0.31447402954117,
                "_CumPctResp_": 18.9579619134308,
                "_NEventsBest_": 0.0,
                "_CumPctRespBest_": 21.2939378502292,
                "_Value_": 0.0,
                "_NEvents_": 13.1450144348212,
                "_LiftBest_": 0.0,
                "_PartInd_": "2",
                "_Resp_": 1.57237014770588,
                "_Column_": "actual"
            },
            "rowNumber": 56
        },
        {
            "dataMap": {
                "_NObs_": 302.0,
                "_Depth_": 70.0,
                "_CumRespBest_": 100.0,
                "_formattedPartition_": "           2",
                "_column_": "predict",
                "_RespBest_": 0.0,
                "_DataRole_": "TEST",
                "_CumResp_": 90.6022247794399,
                "_PctRespBest_": 0.0,
                "_Gain_": 0.29431749684914,
                "_CumLift_": 1.29431749684914,
                "_Event_": "1",
                "_TargetName_": null,
                "_PctResp_": 4.35265378636464,
                "_GainBest_": 0.42857142857142,
                "_CumLiftBest_": 1.42857142857142,
                "_Lift_": 0.31447402954117,
                "_CumPctResp_": 17.9147256186404,
                "_NEventsBest_": 0.0,
                "_CumPctRespBest_": 19.7729422894985,
                "_Value_": 0.0,
                "_NEvents_": 13.1450144348212,
                "_LiftBest_": 0.0,
                "_PartInd_": "2",
                "_Resp_": 1.57237014770588,
                "_Column_": "actual"
            },
            "rowNumber": 57
        },
        {
            "dataMap": {
                "_NObs_": 302.0,
                "_Depth_": 75.0,
                "_CumRespBest_": 100.0,
                "_formattedPartition_": "           2",
                "_column_": "predict",
                "_RespBest_": 0.0,
                "_DataRole_": "TEST",
                "_CumResp_": 92.1745949271458,
                "_PctRespBest_": 0.0,
                "_Gain_": 0.22899459902861,
                "_CumLift_": 1.22899459902861,
                "_Event_": "1",
                "_TargetName_": null,
                "_PctResp_": 4.35265378636464,
                "_GainBest_": 0.33333333333333,
                "_CumLiftBest_": 1.33333333333333,
                "_Lift_": 0.31447402954117,
                "_CumPctResp_": 17.0105874964887,
                "_NEventsBest_": 0.0,
                "_CumPctRespBest_": 18.4547461368653,
                "_Value_": 0.0,
                "_NEvents_": 13.1450144348212,
                "_LiftBest_": 0.0,
                "_PartInd_": "2",
                "_Resp_": 1.57237014770588,
                "_Column_": "actual"
            },
            "rowNumber": 58
        },
        {
            "dataMap": {
                "_NObs_": 302.0,
                "_Depth_": 80.0,
                "_CumRespBest_": 100.0,
                "_formattedPartition_": "           2",
                "_column_": "predict",
                "_RespBest_": 0.0,
                "_DataRole_": "TEST",
                "_CumResp_": 93.7469650748517,
                "_PctRespBest_": 0.0,
                "_Gain_": 0.17183706343564,
                "_CumLift_": 1.17183706343564,
                "_Event_": "1",
                "_TargetName_": null,
                "_PctResp_": 4.35265378636464,
                "_GainBest_": 0.25,
                "_CumLiftBest_": 1.25,
                "_Lift_": 0.31447402954117,
                "_CumPctResp_": 16.2194666396059,
                "_NEventsBest_": 0.0,
                "_CumPctRespBest_": 17.3013245033112,
                "_Value_": 0.0,
                "_NEvents_": 13.1450144348212,
                "_LiftBest_": 0.0,
                "_PartInd_": "2",
                "_Resp_": 1.57237014770588,
                "_Column_": "actual"
            },
            "rowNumber": 59
        },
        {
            "dataMap": {
                "_NObs_": 302.0,
                "_Depth_": 85.0,
                "_CumRespBest_": 100.0,
                "_formattedPartition_": "           2",
                "_column_": "predict",
                "_RespBest_": 0.0,
                "_DataRole_": "TEST",
                "_CumResp_": 95.3193352225575,
                "_PctRespBest_": 0.0,
                "_Gain_": 0.12140394379479,
                "_CumLift_": 1.12140394379479,
                "_Event_": "1",
                "_TargetName_": null,
                "_PctResp_": 4.35265378636464,
                "_GainBest_": 0.17647058823529,
                "_CumLiftBest_": 1.17647058823529,
                "_Lift_": 0.31447402954117,
                "_CumPctResp_": 15.5214188247094,
                "_NEventsBest_": 0.0,
                "_CumPctRespBest_": 16.2835995325282,
                "_Value_": 0.0,
                "_NEvents_": 13.1450144348212,
                "_LiftBest_": 0.0,
                "_PartInd_": "2",
                "_Resp_": 1.57237014770588,
                "_Column_": "actual"
            },
            "rowNumber": 60
        },
        {
            "dataMap": {
                "_NObs_": 302.0,
                "_Depth_": 90.0,
                "_CumRespBest_": 100.0,
                "_formattedPartition_": "           2",
                "_column_": "predict",
                "_RespBest_": 0.0,
                "_DataRole_": "TEST",
                "_CumResp_": 96.8917053702634,
                "_PctRespBest_": 0.0,
                "_Gain_": 0.07657450411403,
                "_CumLift_": 1.07657450411403,
                "_Event_": "1",
                "_TargetName_": null,
                "_PctResp_": 4.35265378636464,
                "_GainBest_": 0.11111111111111,
                "_CumLiftBest_": 1.11111111111111,
                "_Lift_": 0.31447402954117,
                "_CumPctResp_": 14.9009318781347,
                "_NEventsBest_": 0.0,
                "_CumPctRespBest_": 15.3789551140544,
                "_Value_": 0.0,
                "_NEvents_": 13.1450144348212,
                "_LiftBest_": 0.0,
                "_PartInd_": "2",
                "_Resp_": 1.57237014770588,
                "_Column_": "actual"
            },
            "rowNumber": 61
        },
        {
            "dataMap": {
                "_NObs_": 302.0,
                "_Depth_": 95.0,
                "_CumRespBest_": 100.0,
                "_formattedPartition_": "           2",
                "_column_": "predict",
                "_RespBest_": 0.0,
                "_DataRole_": "TEST",
                "_CumResp_": 98.4640755179693,
                "_PctRespBest_": 0.0,
                "_Gain_": 0.03646395282073,
                "_CumLift_": 1.03646395282073,
                "_Event_": "1",
                "_TargetName_": null,
                "_PctResp_": 4.35265378636464,
                "_GainBest_": 0.05263157894736,
                "_CumLiftBest_": 1.05263157894736,
                "_Lift_": 0.31447402954117,
                "_CumPctResp_": 14.3457593469889,
                "_NEventsBest_": 0.0,
                "_CumPctRespBest_": 14.569536423841,
                "_Value_": 0.0,
                "_NEvents_": 13.1450144348212,
                "_LiftBest_": 0.0,
                "_PartInd_": "2",
                "_Resp_": 1.57237014770588,
                "_Column_": "actual"
            },
            "rowNumber": 62
        },
        {
            "dataMap": {
                "_NObs_": 295.0,
                "_Depth_": 100.0,
                "_CumRespBest_": 100.0,
                "_formattedPartition_": "           2",
                "_column_": "predict",
                "_RespBest_": 0.0,
                "_DataRole_": "TEST",
                "_CumResp_": 99.9999999999999,
                "_PctRespBest_": 0.0,
                "_Gain_": -7.7715611723761e-16,
                "_CumLift_": 1.0,
                "_Event_": "1",
                "_TargetName_": null,
                "_PctResp_": 4.35265378636464,
                "_GainBest_": 0.0,
                "_CumLiftBest_": 1.0,
                "_Lift_": 0.30718489640611,
                "_CumPctResp_": 13.8571191778551,
                "_NEventsBest_": 0.0,
                "_CumPctRespBest_": 13.8571191778551,
                "_Value_": 0.0,
                "_NEvents_": 12.8403286697757,
                "_LiftBest_": 0.0,
                "_PartInd_": "2",
                "_Resp_": 1.53592448203058,
                "_Column_": "actual"
            },
            "rowNumber": 63
        }
    ],
    "version": 1,
    "xInteger": false,
    "yInteger": false
}