{
    "creationTimeStamp": "0001-01-01T00:00:00Z",
    "modifiedTimeStamp": "0001-01-01T00:00:00Z",
    "revision": 0,
    "name": "groupMetrics",
    "version": 0,
    "order": 0,
    "parameterMap": {
        "INTO_EVENT": {
            "label": "Proportion Into Event Level",
            "length": 8,
            "order": 32,
            "parameter": "INTO_EVENT",
            "preformatted": false,
            "type": "num",
            "values": [
                "INTO_EVENT"
            ]
        },
        "LEVEL": {
            "label": "Variable Level",
            "length": 100,
            "order": 4,
            "parameter": "LEVEL",
            "preformatted": false,
            "type": "char",
            "values": [
                "LEVEL"
            ]
        },
        "PREDICTED_EVENT": {
            "label": "Average Prediction for Event",
            "length": 8,
            "order": 33,
            "parameter": "PREDICTED_EVENT",
            "preformatted": false,
            "type": "num",
            "values": [
                "PREDICTED_EVENT"
            ]
        },
        "VLABEL": {
            "label": "Variable Label",
            "length": 256,
            "order": 2,
            "parameter": "VLABEL",
            "preformatted": false,
            "type": "char",
            "values": [
                "VLABEL"
            ]
        },
        "_DATAROLE_": {
            "label": "Data Role",
            "length": 8,
            "order": 3,
            "parameter": "_DATAROLE_",
            "preformatted": false,
            "type": "char",
            "values": [
                "_DATAROLE_"
            ]
        },
        "_VARIABLE_": {
            "label": "Variable",
            "length": 255,
            "order": 1,
            "parameter": "_VARIABLE_",
            "preformatted": false,
            "type": "char",
            "values": [
                "_VARIABLE_"
            ]
        },
        "_acc_": {
            "label": "Accuracy",
            "length": 8,
            "order": 15,
            "parameter": "_acc_",
            "preformatted": false,
            "type": "num",
            "values": [
                "_acc_"
            ]
        },
        "_ase_": {
            "label": "Average Squared Error",
            "length": 8,
            "order": 22,
            "parameter": "_ase_",
            "preformatted": false,
            "type": "num",
            "values": [
                "_ase_"
            ]
        },
        "_c_": {
            "label": "Area Under ROC",
            "length": 8,
            "order": 16,
            "parameter": "_c_",
            "preformatted": false,
            "type": "num",
            "values": [
                "_c_"
            ]
        },
        "_cumlift_": {
            "label": "Cumulative Lift",
            "length": 8,
            "order": 31,
            "parameter": "_cumlift_",
            "preformatted": false,
            "type": "num",
            "values": [
                "_cumlift_"
            ]
        },
        "_cumresp_": {
            "label": "Cumulative Captured Response Percentage",
            "length": 8,
            "order": 30,
            "parameter": "_cumresp_",
            "preformatted": false,
            "type": "num",
            "values": [
                "_cumresp_"
            ]
        },
        "_f1_": {
            "label": "F1 Score",
            "length": 8,
            "order": 17,
            "parameter": "_f1_",
            "preformatted": false,
            "type": "num",
            "values": [
                "_f1_"
            ]
        },
        "_fdr_": {
            "label": "False Discovery Rate",
            "length": 8,
            "order": 14,
            "parameter": "_fdr_",
            "preformatted": false,
            "type": "num",
            "values": [
                "_fdr_"
            ]
        },
        "_fn_": {
            "label": "False Negative",
            "length": 8,
            "order": 9,
            "parameter": "_fn_",
            "preformatted": false,
            "type": "num",
            "values": [
                "_fn_"
            ]
        },
        "_fnr_": {
            "label": "False Negative Rate",
            "length": 8,
            "order": 13,
            "parameter": "_fnr_",
            "preformatted": false,
            "type": "num",
            "values": [
                "_fnr_"
            ]
        },
        "_fp_": {
            "label": "False Positive",
            "length": 8,
            "order": 7,
            "parameter": "_fp_",
            "preformatted": false,
            "type": "num",
            "values": [
                "_fp_"
            ]
        },
        "_fpr_": {
            "label": "False Positive Rate",
            "length": 8,
            "order": 11,
            "parameter": "_fpr_",
            "preformatted": false,
            "type": "num",
            "values": [
                "_fpr_"
            ]
        },
        "_gain_": {
            "label": "Gain",
            "length": 8,
            "order": 27,
            "parameter": "_gain_",
            "preformatted": false,
            "type": "num",
            "values": [
                "_gain_"
            ]
        },
        "_gini_": {
            "label": "Gini Coefficient",
            "length": 8,
            "order": 18,
            "parameter": "_gini_",
            "preformatted": false,
            "type": "num",
            "values": [
                "_gini_"
            ]
        },
        "_ks_": {
            "label": "KS (Youden)",
            "length": 8,
            "order": 25,
            "parameter": "_ks_",
            "preformatted": false,
            "type": "num",
            "values": [
                "_ks_"
            ]
        },
        "_kscut_": {
            "label": "KS Cutoff",
            "length": 8,
            "order": 26,
            "parameter": "_kscut_",
            "preformatted": false,
            "type": "num",
            "values": [
                "_kscut_"
            ]
        },
        "_lift_": {
            "label": "Lift",
            "length": 8,
            "order": 28,
            "parameter": "_lift_",
            "preformatted": false,
            "type": "num",
            "values": [
                "_lift_"
            ]
        },
        "_mce_": {
            "label": "Misclassification Rate",
            "length": 8,
            "order": 21,
            "parameter": "_mce_",
            "preformatted": false,
            "type": "num",
            "values": [
                "_mce_"
            ]
        },
        "_mcll_": {
            "label": "Multi-Class Log Loss",
            "length": 8,
            "order": 24,
            "parameter": "_mcll_",
            "preformatted": false,
            "type": "num",
            "values": [
                "_mcll_"
            ]
        },
        "_misccutoff_": {
            "label": "Misclassification at Cutoff",
            "length": 8,
            "order": 19,
            "parameter": "_misccutoff_",
            "preformatted": false,
            "type": "num",
            "values": [
                "_misccutoff_"
            ]
        },
        "_miscks_": {
            "label": "Misclassification Rate at KS Cutoff (Event)",
            "length": 8,
            "order": 20,
            "parameter": "_miscks_",
            "preformatted": false,
            "type": "num",
            "values": [
                "_miscks_"
            ]
        },
        "_nobs_": {
            "label": "Number of Observations",
            "length": 8,
            "order": 5,
            "parameter": "_nobs_",
            "preformatted": false,
            "type": "num",
            "values": [
                "_nobs_"
            ]
        },
        "_rase_": {
            "label": "Root Average Squared Error",
            "length": 8,
            "order": 23,
            "parameter": "_rase_",
            "preformatted": false,
            "type": "num",
            "values": [
                "_rase_"
            ]
        },
        "_resp_": {
            "label": "Captured Response Percentage",
            "length": 8,
            "order": 29,
            "parameter": "_resp_",
            "preformatted": false,
            "type": "num",
            "values": [
                "_resp_"
            ]
        },
        "_tn_": {
            "label": "True Negative",
            "length": 8,
            "order": 8,
            "parameter": "_tn_",
            "preformatted": false,
            "type": "num",
            "values": [
                "_tn_"
            ]
        },
        "_tnr_": {
            "label": "True Negative Rate",
            "length": 8,
            "order": 12,
            "parameter": "_tnr_",
            "preformatted": false,
            "type": "num",
            "values": [
                "_tnr_"
            ]
        },
        "_tp_": {
            "label": "True Positive",
            "length": 8,
            "order": 6,
            "parameter": "_tp_",
            "preformatted": false,
            "type": "num",
            "values": [
                "_tp_"
            ]
        },
        "_tpr_": {
            "label": "True Positive Rate",
            "length": 8,
            "order": 10,
            "parameter": "_tpr_",
            "preformatted": false,
            "type": "num",
            "values": [
                "_tpr_"
            ]
        },
        "P_GE50K1": {
            "label": "P_GE50K1",
            "length": 8,
            "order": 34,
            "parameter": "P_GE50K1",
            "preformatted": false,
            "type": "num",
            "values": [
                "P_GE50K1"
            ]
        },
        "P_GE50K0": {
            "label": "P_GE50K0",
            "length": 8,
            "order": 35,
            "parameter": "P_GE50K0",
            "preformatted": false,
            "type": "num",
            "values": [
                "P_GE50K0"
            ]
        }
    },
    "data": [
        {
            "dataMap": {
                "INTO_EVENT": 0.05252422233554,
                "LEVEL": "Female",
                "PREDICTED_EVENT": 0.11037045746123,
                "P_GE50K0": 0.88962954253876,
                "P_GE50K1": 0.11037045746123,
                "VLABEL": "",
                "_DATAROLE_": "TEST",
                "_VARIABLE_": "Sex",
                "_acc_": 0.90668026517083,
                "_ase_": 0.06811334407524,
                "_c_": 0.87381688761792,
                "_cumlift_": 5.27501185395922,
                "_cumresp_": 52.7501185395922,
                "_f1_": 0.43692307692307,
                "_fdr_": 0.31067961165048,
                "_fn_": 151.0,
                "_fnr_": 0.68018018018018,
                "_fp_": 32.0,
                "_fpr_": 0.0184013801035,
                "_gain_": 4.27501185395922,
                "_gini_": 0.74763377523584,
                "_ks_": 0.64797776499904,
                "_kscut_": 0.30141843971631,
                "_lift_": 4.41570757360231,
                "_mce_": 0.09331973482916,
                "_mcll_": 0.28047901630074,
                "_misccutoff_": 0.09331973482916,
                "_miscks_": 0.14839367669556,
                "_nobs_": 1961.0,
                "_rase_": 0.26098533306537,
                "_resp_": 22.0785378680115,
                "_tn_": 1707.0,
                "_tnr_": 0.98159861989649,
                "_tp_": 71.0,
                "_tpr_": 0.31981981981981
            },
            "rowNumber": 1
        },
        {
            "dataMap": {
                "INTO_EVENT": 0.18025540275049,
                "LEVEL": "Male",
                "PREDICTED_EVENT": 0.31258550788892,
                "P_GE50K0": 0.68741449211107,
                "P_GE50K1": 0.31258550788892,
                "VLABEL": "",
                "_DATAROLE_": "TEST",
                "_VARIABLE_": "Sex",
                "_acc_": 0.77799607072691,
                "_ase_": 0.14928725056833,
                "_c_": 0.83268359687905,
                "_cumlift_": 2.55989202004203,
                "_cumresp_": 25.5989202004203,
                "_f1_": 0.55729676787463,
                "_fdr_": 0.22479564032697,
                "_fn_": 739.0,
                "_fnr_": 0.56498470948012,
                "_fp_": 165.0,
                "_fpr_": 0.05969609261939,
                "_gain_": 1.55989202004203,
                "_gini_": 0.6653671937581,
                "_ks_": 0.52268905145669,
                "_kscut_": 0.37531919790048,
                "_lift_": 2.4439430614908,
                "_mce_": 0.22200392927308,
                "_mcll_": 0.50107352873887,
                "_misccutoff_": 0.22200392927308,
                "_miscks_": 0.25564833005893,
                "_nobs_": 4072.0,
                "_rase_": 0.38637708338918,
                "_resp_": 12.219715307454,
                "_tn_": 2599.0,
                "_tnr_": 0.9403039073806,
                "_tp_": 569.0,
                "_tpr_": 0.43501529051987
            },
            "rowNumber": 2
        }
    ],
    "xInteger": false,
    "yInteger": false
}