{
    "creationTimeStamp": "0001-01-01T00:00:00Z",
    "modifiedTimeStamp": "0001-01-01T00:00:00Z",
    "revision": 0,
    "name": "maxDifferences",
    "version": 0,
    "order": 0,
    "parameterMap": {
        "BASE": {
            "label": "Base Level",
            "length": 100,
            "order": 4,
            "parameter": "BASE",
            "preformatted": false,
            "type": "char",
            "values": [
                "BASE"
            ]
        },
        "COMPARE": {
            "label": "Comparison Level",
            "length": 100,
            "order": 5,
            "parameter": "COMPARE",
            "preformatted": false,
            "type": "char",
            "values": [
                "COMPARE"
            ]
        },
        "Metric": {
            "label": "Metric",
            "length": 15,
            "order": 6,
            "parameter": "Metric",
            "preformatted": false,
            "type": "char",
            "values": [
                "Metric"
            ]
        },
        "MetricLabel": {
            "label": "Metric Label",
            "length": 42,
            "order": 7,
            "parameter": "MetricLabel",
            "preformatted": false,
            "type": "char",
            "values": [
                "MetricLabel"
            ]
        },
        "VLABEL": {
            "label": "Variable Label",
            "length": 256,
            "order": 2,
            "parameter": "VLABEL",
            "preformatted": false,
            "type": "char",
            "values": [
                "VLABEL"
            ]
        },
        "_DATAROLE_": {
            "label": "Data Role",
            "length": 8,
            "order": 3,
            "parameter": "_DATAROLE_",
            "preformatted": false,
            "type": "char",
            "values": [
                "_DATAROLE_"
            ]
        },
        "_VARIABLE_": {
            "label": "Variable",
            "length": 255,
            "order": 1,
            "parameter": "_VARIABLE_",
            "preformatted": false,
            "type": "char",
            "values": [
                "_VARIABLE_"
            ]
        },
        "maxdiff": {
            "label": "Maximum Metric Difference",
            "length": 8,
            "order": 8,
            "parameter": "maxdiff",
            "preformatted": false,
            "type": "num",
            "values": [
                "maxdiff"
            ]
        }
    },
    "data": [
        {
            "dataMap": {
                "BASE": "Male",
                "COMPARE": "Female",
                "Metric": "P_GE50K1",
                "MetricLabel": "Average Predicted: GE50K=1",
                "VLABEL": "",
                "_DATAROLE_": "TEST",
                "_VARIABLE_": "Sex",
                "maxdiff": "0.20221505042769"
            },
            "rowNumber": 1
        },
        {
            "dataMap": {
                "BASE": "Female",
                "COMPARE": "Male",
                "Metric": "P_GE50K0",
                "MetricLabel": "Average Predicted: GE50K=0",
                "VLABEL": "",
                "_DATAROLE_": "TEST",
                "_VARIABLE_": "Sex",
                "maxdiff": "0.20221505042768"
            },
            "rowNumber": 2
        },
        {
            "dataMap": {
                "BASE": "Male",
                "COMPARE": "Female",
                "Metric": "TPR",
                "MetricLabel": "True Positive Rate",
                "VLABEL": "",
                "_DATAROLE_": "TEST",
                "_VARIABLE_": "Sex",
                "maxdiff": "0.11519547070005"
            },
            "rowNumber": 3
        },
        {
            "dataMap": {
                "BASE": "Male",
                "COMPARE": "Female",
                "Metric": "FPR",
                "MetricLabel": "False Positive Rate",
                "VLABEL": "",
                "_DATAROLE_": "TEST",
                "_VARIABLE_": "Sex",
                "maxdiff": "0.04129471251588"
            },
            "rowNumber": 4
        },
        {
            "dataMap": {
                "BASE": "Female",
                "COMPARE": "Male",
                "Metric": "TNR",
                "MetricLabel": "True Negative Rate",
                "VLABEL": "",
                "_DATAROLE_": "TEST",
                "_VARIABLE_": "Sex",
                "maxdiff": "0.04129471251588"
            },
            "rowNumber": 5
        },
        {
            "dataMap": {
                "BASE": "Female",
                "COMPARE": "Male",
                "Metric": "FNR",
                "MetricLabel": "False Negative Rate",
                "VLABEL": "",
                "_DATAROLE_": "TEST",
                "_VARIABLE_": "Sex",
                "maxdiff": "0.11519547070005"
            },
            "rowNumber": 6
        },
        {
            "dataMap": {
                "BASE": "Female",
                "COMPARE": "Male",
                "Metric": "FDR",
                "MetricLabel": "False Discovery Rate",
                "VLABEL": "",
                "_DATAROLE_": "TEST",
                "_VARIABLE_": "Sex",
                "maxdiff": "0.0858839713235"
            },
            "rowNumber": 7
        },
        {
            "dataMap": {
                "BASE": "Female",
                "COMPARE": "Male",
                "Metric": "ACC",
                "MetricLabel": "Accuracy",
                "VLABEL": "",
                "_DATAROLE_": "TEST",
                "_VARIABLE_": "Sex",
                "maxdiff": "0.12868419444391"
            },
            "rowNumber": 8
        },
        {
            "dataMap": {
                "BASE": "Female",
                "COMPARE": "Male",
                "Metric": "C",
                "MetricLabel": "Area under ROC",
                "VLABEL": "",
                "_DATAROLE_": "TEST",
                "_VARIABLE_": "Sex",
                "maxdiff": "0.04113329073887"
            },
            "rowNumber": 9
        },
        {
            "dataMap": {
                "BASE": "Male",
                "COMPARE": "Female",
                "Metric": "F1",
                "MetricLabel": "F1 Score",
                "VLABEL": "",
                "_DATAROLE_": "TEST",
                "_VARIABLE_": "Sex",
                "maxdiff": "0.12037369095155"
            },
            "rowNumber": 10
        },
        {
            "dataMap": {
                "BASE": "Female",
                "COMPARE": "Male",
                "Metric": "GINI",
                "MetricLabel": "Gini Coefficient",
                "VLABEL": "",
                "_DATAROLE_": "TEST",
                "_VARIABLE_": "Sex",
                "maxdiff": "0.08226658147774"
            },
            "rowNumber": 11
        },
        {
            "dataMap": {
                "BASE": "Male",
                "COMPARE": "Female",
                "Metric": "MISCEVENT",
                "MetricLabel": "Event Misclassification Rate at Cutoff",
                "VLABEL": "",
                "_DATAROLE_": "TEST",
                "_VARIABLE_": "Sex",
                "maxdiff": "0.12868419444391"
            },
            "rowNumber": 12
        },
        {
            "dataMap": {
                "BASE": "Male",
                "COMPARE": "Female",
                "Metric": "MISCEVENTKS",
                "MetricLabel": "Event Misclassification Rate at Maximum KS",
                "VLABEL": "",
                "_DATAROLE_": "TEST",
                "_VARIABLE_": "Sex",
                "maxdiff": "0.10725465336337"
            },
            "rowNumber": 13
        },
        {
            "dataMap": {
                "BASE": "Male",
                "COMPARE": "Female",
                "Metric": "MCE",
                "MetricLabel": "Misclassification Rate",
                "VLABEL": "",
                "_DATAROLE_": "TEST",
                "_VARIABLE_": "Sex",
                "maxdiff": "0.12868419444391"
            },
            "rowNumber": 14
        },
        {
            "dataMap": {
                "BASE": "Male",
                "COMPARE": "Female",
                "Metric": "ASE",
                "MetricLabel": "Average Squared Error",
                "VLABEL": "",
                "_DATAROLE_": "TEST",
                "_VARIABLE_": "Sex",
                "maxdiff": "0.08117390649308"
            },
            "rowNumber": 15
        },
        {
            "dataMap": {
                "BASE": "Male",
                "COMPARE": "Female",
                "Metric": "RASE",
                "MetricLabel": "Root Average Squared Error",
                "VLABEL": "",
                "_DATAROLE_": "TEST",
                "_VARIABLE_": "Sex",
                "maxdiff": "0.1253917503238"
            },
            "rowNumber": 16
        },
        {
            "dataMap": {
                "BASE": "Male",
                "COMPARE": "Female",
                "Metric": "MCLL",
                "MetricLabel": "Multiclass Log Loss",
                "VLABEL": "",
                "_DATAROLE_": "TEST",
                "_VARIABLE_": "Sex",
                "maxdiff": "0.22059451243813"
            },
            "rowNumber": 17
        },
        {
            "dataMap": {
                "BASE": "Female",
                "COMPARE": "Male",
                "Metric": "maxKS",
                "MetricLabel": "Best Kolmogorov-Smirnov along ROC",
                "VLABEL": "",
                "_DATAROLE_": "TEST",
                "_VARIABLE_": "Sex",
                "maxdiff": "0.12528871354234"
            },
            "rowNumber": 18
        },
        {
            "dataMap": {
                "BASE": "Male",
                "COMPARE": "Female",
                "Metric": "cutoffKS",
                "MetricLabel": "Kolmogorov-Smirnov at Cutoff",
                "VLABEL": "",
                "_DATAROLE_": "TEST",
                "_VARIABLE_": "Sex",
                "maxdiff": "0.07390075818417"
            },
            "rowNumber": 19
        },
        {
            "dataMap": {
                "BASE": "Female",
                "COMPARE": "Male",
                "Metric": "GAIN",
                "MetricLabel": "Gain",
                "VLABEL": "",
                "_DATAROLE_": "TEST",
                "_VARIABLE_": "Sex",
                "maxdiff": "2.71511983391718"
            },
            "rowNumber": 20
        },
        {
            "dataMap": {
                "BASE": "Female",
                "COMPARE": "Male",
                "Metric": "LIFT",
                "MetricLabel": "Lift",
                "VLABEL": "",
                "_DATAROLE_": "TEST",
                "_VARIABLE_": "Sex",
                "maxdiff": "1.97176451211151"
            },
            "rowNumber": 21
        },
        {
            "dataMap": {
                "BASE": "Female",
                "COMPARE": "Male",
                "Metric": "RESP",
                "MetricLabel": "%% Captured Response",
                "VLABEL": "",
                "_DATAROLE_": "TEST",
                "_VARIABLE_": "Sex",
                "maxdiff": "9.85882256055754"
            },
            "rowNumber": 22
        },
        {
            "dataMap": {
                "BASE": "Female",
                "COMPARE": "Male",
                "Metric": "CUMRESP",
                "MetricLabel": "Cumulative %% Captured Response",
                "VLABEL": "",
                "_DATAROLE_": "TEST",
                "_VARIABLE_": "Sex",
                "maxdiff": "27.1511983391718"
            },
            "rowNumber": 23
        },
        {
            "dataMap": {
                "BASE": "Female",
                "COMPARE": "Male",
                "Metric": "CUMLIFT",
                "MetricLabel": "Cumulative Lift",
                "VLABEL": "",
                "_DATAROLE_": "TEST",
                "_VARIABLE_": "Sex",
                "maxdiff": "2.71511983391718"
            },
            "rowNumber": 24
        },
        {
            "dataMap": {
                "BASE": "Male",
                "COMPARE": "Female",
                "Metric": "PREDICTED_EVENT",
                "MetricLabel": "Average Prediction for Event",
                "VLABEL": "",
                "_DATAROLE_": "TEST",
                "_VARIABLE_": "Sex",
                "maxdiff": "0.20221505042769"
            },
            "rowNumber": 25
        },
        {
            "dataMap": {
                "BASE": "Male",
                "COMPARE": "Female",
                "Metric": "INTO_EVENT",
                "MetricLabel": "Proportion into Event Level",
                "VLABEL": "",
                "_DATAROLE_": "TEST",
                "_VARIABLE_": "Sex",
                "maxdiff": "0.12773118041494"
            },
            "rowNumber": 26
        }
    ],
    "xInteger": false,
    "yInteger": false
}