{
   "creationTimeStamp": "2024-08-02T12:38:17.249Z",
   "createdBy": "edmdev",
   "modifiedTimeStamp": "2024-08-02T12:38:36.919Z",
   "modifiedBy": "edmdev",
   "id": "5f7118c4-072a-4daa-9f55-573f50f13dd8",
   "name": "Decision Tree (Python)",
   "description": "SKLearn Decision Tree Model",
   "scoreCodeType": "python",
   "algorithm": "Decision Tree",
   "function": "classification",
   "modeler": "edmdev",
   "trainCodeType": "Python",
   "trainTable": "cas-shared-default/Public/DTC_TRAIN_DATA",
   "eventProbVar": "P_1",
   "targetVariable": "GE50K",
   "targetEvent": "1",
   "targetLevel": "binary",
   "tool": "Python 3",
   "toolVersion": "3.11.5",
   "copiedFrom": "dtc(1.0)",
   "modelVersionName": "1.0",
   "custom properties": []
}