{
   "creationTimeStamp": "2023-11-01T13:28:10.719Z",
   "createdBy": "edmdev",
   "modifiedTimeStamp": "2023-11-01T13:29:39.206Z",
   "modifiedBy": "sasdemo",
   "id": "b66f8b19-f46f-42f0-ae2d-a303db719b24",
   "name": "QS_Reg1",
   "description": "Logistic Regression",
   "scoreCodeType": "dataStep",
   "algorithm": "logisticreg",
   "function": "classification",
   "modeler": "sasdemo",
   "modelType": "dataStep",
   "trainTable": "/dataTables/dataSources/cas~fs~cas-shared-default~fs~Public/tables/HMEQ_TRAIN",
   "eventProbVar": "EM_EVENTPROBABILITY",
   "targetVariable": "BAD",
   "targetEvent": "1",
   "targetLevel": "binary",
   "tool": "Model Studio",
   "toolVersion": "8.3",
   "externalModelId": "407fbf89-7085-49c3-811a-7f5d912e4676",
   "modelVersionName": "1.1",
   "custom properties": []
}