{
   "creationTimeStamp": "2023-11-21T18:39:18.290Z",
   "createdBy": "edmdev",
   "modifiedTimeStamp": "2023-11-21T18:39:28.548Z",
   "modifiedBy": "sasdemo",
   "id": "5b666b82-a4d5-4b53-b7c1-caf7b81b20a5",
   "name": "QS_Reg1",
   "description": "Logistic Regression",
   "scoreCodeType": "dataStep",
   "algorithm": "logisticreg",
   "function": "classification",
   "modeler": "sasdemo",
   "modelType": "dataStep",
   "trainTable": "/dataTables/dataSources/cas~fs~cas-shared-default~fs~Public/tables/HMEQ_TRAIN",
   "eventProbVar": "EM_EVENTPROBABILITY",
   "targetVariable": "BAD",
   "targetEvent": "1",
   "targetLevel": "binary",
   "tool": "Model Studio",
   "toolVersion": "8.3",
   "externalModelId": "407fbf89-7085-49c3-811a-7f5d912e4676",
   "modelVersionName": "1.0",
   "custom properties": []
}