{
   "creationTimeStamp": "2023-10-30T14:24:01.821Z",
   "createdBy": "edmdev",
   "modifiedTimeStamp": "2023-10-30T14:24:12.188Z",
   "modifiedBy": "edmdev",
   "id": "3caadf8a-d5b3-4dfb-99d4-c1c8436f19b6",
   "name": "QS_Tree1",
   "description": "Decision Tree",
   "scoreCodeType": "dataStep",
   "algorithm": "tree",
   "function": "classification",
   "modeler": "sasdemo",
   "modelType": "dataStep",
   "trainTable": "/dataTables/dataSources/cas~fs~cas-shared-default~fs~Public/tables/HMEQ_TRAIN",
   "eventProbVar": "EM_EVENTPROBABILITY",
   "targetVariable": "BAD",
   "targetEvent": "1",
   "targetLevel": "binary",
   "tool": "Model Studio",
   "toolVersion": "8.3",
   "externalModelId": "0895f86a-dff5-4b5e-ab40-f7a53f476979",
   "modelVersionName": "1.0",
   "custom properties": []
}