{
  "creationTimeStamp": "0001-01-01T00:00:00Z",
  "modifiedTimeStamp": "0001-01-01T00:00:00Z",
  "revision": 0,
  "name": "dmcas_lift",
  "version": 0,
  "order": 0,
  "parameterMap": {
    "_Column_": {
      "label": "Analysis Variable",
      "length": 6,
      "order": 5,
      "parameter": "_Column_",
      "preformatted": false,
      "type": "char",
      "values": [
        "_Column_"
      ]
    },
    "_CumLiftBest_": {
      "label": "Best Cumulative Lift",
      "length": 8,
      "order": 19,
      "parameter": "_CumLiftBest_",
      "preformatted": false,
      "type": "num",
      "values": [
        "_CumLiftBest_"
      ]
    },
    "_CumLift_": {
      "label": "Cumulative Lift",
      "length": 8,
      "order": 18,
      "parameter": "_CumLift_",
      "preformatted": false,
      "type": "num",
      "values": [
        "_CumLift_"
      ]
    },
    "_CumPctRespBest_": {
      "label": "Best Cumulative Response Percentage",
      "length": 8,
      "order": 23,
      "parameter": "_CumPctRespBest_",
      "preformatted": false,
      "type": "num",
      "values": [
        "_CumPctRespBest_"
      ]
    },
    "_CumPctResp_": {
      "label": "Cumulative Response Percentage",
      "length": 8,
      "order": 22,
      "parameter": "_CumPctResp_",
      "preformatted": false,
      "type": "num",
      "values": [
        "_CumPctResp_"
      ]
    },
    "_CumRespBest_": {
      "label": "Best Cumulative Captured Response Percentage",
      "length": 8,
      "order": 17,
      "parameter": "_CumRespBest_",
      "preformatted": false,
      "type": "num",
      "values": [
        "_CumRespBest_"
      ]
    },
    "_CumResp_": {
      "label": "Cumulative Captured Response Percentage",
      "length": 8,
      "order": 16,
      "parameter": "_CumResp_",
      "preformatted": false,
      "type": "num",
      "values": [
        "_CumResp_"
      ]
    },
    "_DataRole_": {
      "label": "Data Role",
      "length": 10,
      "order": 2,
      "parameter": "_DataRole_",
      "preformatted": false,
      "type": "char",
      "values": [
        "_DataRole_"
      ]
    },
    "_Depth_": {
      "label": "Depth",
      "length": 8,
      "order": 7,
      "parameter": "_Depth_",
      "preformatted": false,
      "type": "num",
      "values": [
        "_Depth_"
      ]
    },
    "_Event_": {
      "label": "Event",
      "length": 12,
      "order": 6,
      "parameter": "_Event_",
      "preformatted": false,
      "type": "char",
      "values": [
        "_Event_"
      ]
    },
    "_GainBest_": {
      "label": "Best Gain",
      "length": 8,
      "order": 25,
      "parameter": "_GainBest_",
      "preformatted": false,
      "type": "num",
      "values": [
        "_GainBest_"
      ]
    },
    "_Gain_": {
      "label": "Gain",
      "length": 8,
      "order": 24,
      "parameter": "_Gain_",
      "preformatted": false,
      "type": "num",
      "values": [
        "_Gain_"
      ]
    },
    "_LiftBest_": {
      "label": "Best Lift",
      "length": 8,
      "order": 15,
      "parameter": "_LiftBest_",
      "preformatted": false,
      "type": "num",
      "values": [
        "_LiftBest_"
      ]
    },
    "_Lift_": {
      "label": "Lift",
      "length": 8,
      "order": 14,
      "parameter": "_Lift_",
      "preformatted": false,
      "type": "num",
      "values": [
        "_Lift_"
      ]
    },
    "_NEventsBest_": {
      "label": "Best Number of Events",
      "length": 8,
      "order": 11,
      "parameter": "_NEventsBest_",
      "preformatted": false,
      "type": "num",
      "values": [
        "_NEventsBest_"
      ]
    },
    "_NEvents_": {
      "label": "Number of Events",
      "length": 8,
      "order": 10,
      "parameter": "_NEvents_",
      "preformatted": false,
      "type": "num",
      "values": [
        "_NEvents_"
      ]
    },
    "_NObs_": {
      "label": "Number of Observations",
      "length": 8,
      "order": 9,
      "parameter": "_NObs_",
      "preformatted": false,
      "type": "num",
      "values": [
        "_NObs_"
      ]
    },
    "_PartInd_": {
      "label": "Partition Indicator",
      "length": 8,
      "order": 3,
      "parameter": "_PartInd_",
      "preformatted": false,
      "type": "num",
      "values": [
        "_PartInd_"
      ]
    },
    "_PctRespBest_": {
      "label": "Best Response Percentage",
      "length": 8,
      "order": 21,
      "parameter": "_PctRespBest_",
      "preformatted": false,
      "type": "num",
      "values": [
        "_PctRespBest_"
      ]
    },
    "_PctResp_": {
      "label": "Response Percentage",
      "length": 8,
      "order": 20,
      "parameter": "_PctResp_",
      "preformatted": false,
      "type": "num",
      "values": [
        "_PctResp_"
      ]
    },
    "_RespBest_": {
      "label": "Best Captured Response Percentage",
      "length": 8,
      "order": 13,
      "parameter": "_RespBest_",
      "preformatted": false,
      "type": "num",
      "values": [
        "_RespBest_"
      ]
    },
    "_Resp_": {
      "label": "Captured Response Percentage",
      "length": 8,
      "order": 12,
      "parameter": "_Resp_",
      "preformatted": false,
      "type": "num",
      "values": [
        "_Resp_"
      ]
    },
    "_TargetName_": {
      "label": "Target Name",
      "length": 3,
      "order": 1,
      "parameter": "_TargetName_",
      "preformatted": false,
      "type": "char",
      "values": [
        "_TargetName_"
      ]
    },
    "_Value_": {
      "label": "Value",
      "length": 8,
      "order": 8,
      "parameter": "_Value_",
      "preformatted": false,
      "type": "num",
      "values": [
        "_Value_"
      ]
    },
    "_formattedPartition_": {
      "label": "Formatted Partition",
      "length": 12,
      "order": 4,
      "parameter": "_formattedPartition_",
      "preformatted": false,
      "type": "char",
      "values": [
        "_formattedPartition_"
      ]
    }
  },
  "data": [
    {
      "dataMap": {
        "_Column_": "P_BAD1",
        "_CumLiftBest_": null,
        "_CumLift_": null,
        "_CumPctRespBest_": null,
        "_CumPctResp_": null,
        "_CumRespBest_": "0",
        "_CumResp_": "0",
        "_DataRole_": "VALIDATE",
        "_Depth_": "0",
        "_Event_": "           1",
        "_GainBest_": null,
        "_Gain_": null,
        "_LiftBest_": null,
        "_Lift_": null,
        "_NEventsBest_": "0",
        "_NEvents_": "0",
        "_NObs_": "0",
        "_PartInd_": "0",
        "_PctRespBest_": null,
        "_PctResp_": null,
        "_RespBest_": "0",
        "_Resp_": "0",
        "_TargetName_": "BAD",
        "_Value_": "0",
        "_formattedPartition_": "           0"
      },
      "rowNumber": 1
    },
    {
      "dataMap": {
        "_Column_": "P_BAD1",
        "_CumLiftBest_": "5.04201680672",
        "_CumLift_": "4.44775378506",
        "_CumPctRespBest_": "100",
        "_CumPctResp_": "88.2137834037",
        "_CumRespBest_": "25.2100840336",
        "_CumResp_": "22.2387689253",
        "_DataRole_": "VALIDATE",
        "_Depth_": "5",
        "_Event_": "           1",
        "_GainBest_": "4.04201680672",
        "_Gain_": "3.44775378506",
        "_LiftBest_": "5.04201680672",
        "_Lift_": "4.44775378506",
        "_NEventsBest_": "90",
        "_NEvents_": "79.3924050633",
        "_NObs_": "90",
        "_PartInd_": "0",
        "_PctRespBest_": "100",
        "_PctResp_": "88.2137834037",
        "_RespBest_": "25.2100840336",
        "_Resp_": "22.2387689253",
        "_TargetName_": "BAD",
        "_Value_": "0.833333333333",
        "_formattedPartition_": "           0"
      },
      "rowNumber": 2
    },
    {
      "dataMap": {
        "_Column_": "P_BAD1",
        "_CumLiftBest_": "5.04201680672",
        "_CumLift_": "4.21288515406",
        "_CumPctRespBest_": "100",
        "_CumPctResp_": "83.5555555556",
        "_CumRespBest_": "50.4201680672",
        "_CumResp_": "42.1288515406",
        "_DataRole_": "VALIDATE",
        "_Depth_": "10",
        "_Event_": "           1",
        "_GainBest_": "4.04201680672",
        "_Gain_": "3.21288515406",
        "_LiftBest_": "5.04201680672",
        "_Lift_": "3.97801652306",
        "_NEventsBest_": "90",
        "_NEvents_": "71.0075949367",
        "_NObs_": "90",
        "_PartInd_": "0",
        "_PctRespBest_": "100",
        "_PctResp_": "78.8973277075",
        "_RespBest_": "25.2100840336",
        "_Resp_": "19.8900826153",
        "_TargetName_": "BAD",
        "_Value_": "0.788321167883",
        "_formattedPartition_": "           0"
      },
      "rowNumber": 3
    },
    {
      "dataMap": {
        "_Column_": "P_BAD1",
        "_CumLiftBest_": "5.04201680672",
        "_CumLift_": "3.71004812181",
        "_CumPctRespBest_": "100",
        "_CumPctResp_": "73.5826210826",
        "_CumRespBest_": "75.6302521008",
        "_CumResp_": "55.6507218272",
        "_DataRole_": "VALIDATE",
        "_Depth_": "15",
        "_Event_": "           1",
        "_GainBest_": "4.04201680672",
        "_Gain_": "2.71004812181",
        "_LiftBest_": "5.04201680672",
        "_Lift_": "2.70437405732",
        "_NEventsBest_": "90",
        "_NEvents_": "48.2730769231",
        "_NObs_": "90",
        "_PartInd_": "0",
        "_PctRespBest_": "100",
        "_PctResp_": "53.6367521368",
        "_RespBest_": "25.2100840336",
        "_Resp_": "13.5218702866",
        "_TargetName_": "BAD",
        "_Value_": "0.425474254743",
        "_formattedPartition_": "           0"
      },
      "rowNumber": 4
    },
    {
      "dataMap": {
        "_Column_": "P_BAD1",
        "_CumLiftBest_": "5",
        "_CumLift_": "3.34006679595",
        "_CumPctRespBest_": "99.1666666667",
        "_CumPctResp_": "66.2446581197",
        "_CumRespBest_": "100",
        "_CumResp_": "66.801335919",
        "_DataRole_": "VALIDATE",
        "_Depth_": "20",
        "_Event_": "           1",
        "_GainBest_": "4",
        "_Gain_": "2.34006679595",
        "_LiftBest_": "4.87394957983",
        "_Lift_": "2.23012281836",
        "_NEventsBest_": "87",
        "_NEvents_": "39.8076923077",
        "_NObs_": "90",
        "_PartInd_": "0",
        "_PctRespBest_": "96.6666666667",
        "_PctResp_": "44.2307692308",
        "_RespBest_": "24.3697478992",
        "_Resp_": "11.1506140918",
        "_TargetName_": "BAD",
        "_Value_": "0.425474254743",
        "_formattedPartition_": "           0"
      },
      "rowNumber": 5
    },
    {
      "dataMap": {
        "_Column_": "P_BAD1",
        "_CumLiftBest_": "4",
        "_CumLift_": "3.09512874219",
        "_CumPctRespBest_": "79.3333333333",
        "_CumPctResp_": "61.3867200534",
        "_CumRespBest_": "100",
        "_CumResp_": "77.3782185547",
        "_DataRole_": "VALIDATE",
        "_Depth_": "25",
        "_Event_": "           1",
        "_GainBest_": "3",
        "_Gain_": "2.09512874219",
        "_LiftBest_": "0",
        "_Lift_": "2.11537652714",
        "_NEventsBest_": "0",
        "_NEvents_": "37.7594710095",
        "_NObs_": "90",
        "_PartInd_": "0",
        "_PctRespBest_": "0",
        "_PctResp_": "41.9549677883",
        "_RespBest_": "0",
        "_Resp_": "10.5768826357",
        "_TargetName_": "BAD",
        "_Value_": "0.056813962124",
        "_formattedPartition_": "           0"
      },
      "rowNumber": 6
    },
    {
      "dataMap": {
        "_Column_": "P_BAD1",
        "_CumLiftBest_": "3.33333333333",
        "_CumLift_": "2.62974459053",
        "_CumPctRespBest_": "66.1111111111",
        "_CumPctResp_": "52.1566010455",
        "_CumRespBest_": "100",
        "_CumResp_": "78.8923377159",
        "_DataRole_": "VALIDATE",
        "_Depth_": "30",
        "_Event_": "           1",
        "_GainBest_": "2.33333333333",
        "_Gain_": "1.62974459053",
        "_LiftBest_": "0",
        "_Lift_": "0.302823832236",
        "_NEventsBest_": "0",
        "_NEvents_": "5.40540540541",
        "_NObs_": "90",
        "_PartInd_": "0",
        "_PctRespBest_": "0",
        "_PctResp_": "6.00600600601",
        "_RespBest_": "0",
        "_Resp_": "1.51411916118",
        "_TargetName_": "BAD",
        "_Value_": "0.056813962124",
        "_formattedPartition_": "           0"
      },
      "rowNumber": 7
    },
    {
      "dataMap": {
        "_Column_": "P_BAD1",
        "_CumLiftBest_": "2.85714285714",
        "_CumLift_": "2.29732733934",
        "_CumPctRespBest_": "56.6666666667",
        "_CumPctResp_": "45.563658897",
        "_CumRespBest_": "100",
        "_CumResp_": "80.406456877",
        "_DataRole_": "VALIDATE",
        "_Depth_": "35",
        "_Event_": "           1",
        "_GainBest_": "1.85714285714",
        "_Gain_": "1.29732733934",
        "_LiftBest_": "0",
        "_Lift_": "0.302823832236",
        "_NEventsBest_": "0",
        "_NEvents_": "5.40540540541",
        "_NObs_": "90",
        "_PartInd_": "0",
        "_PctRespBest_": "0",
        "_PctResp_": "6.00600600601",
        "_RespBest_": "0",
        "_Resp_": "1.51411916118",
        "_TargetName_": "BAD",
        "_Value_": "0.056813962124",
        "_formattedPartition_": "           0"
      },
      "rowNumber": 8
    },
    {
      "dataMap": {
        "_Column_": "P_BAD1",
        "_CumLiftBest_": "2.5",
        "_CumLift_": "2.04801440096",
        "_CumPctRespBest_": "49.5833333333",
        "_CumPctResp_": "40.6189522856",
        "_CumRespBest_": "100",
        "_CumResp_": "81.9205760382",
        "_DataRole_": "VALIDATE",
        "_Depth_": "40",
        "_Event_": "           1",
        "_GainBest_": "1.5",
        "_Gain_": "1.04801440096",
        "_LiftBest_": "0",
        "_Lift_": "0.302823832236",
        "_NEventsBest_": "0",
        "_NEvents_": "5.40540540541",
        "_NObs_": "90",
        "_PartInd_": "0",
        "_PctRespBest_": "0",
        "_PctResp_": "6.00600600601",
        "_RespBest_": "0",
        "_Resp_": "1.51411916118",
        "_TargetName_": "BAD",
        "_Value_": "0.056813962124",
        "_formattedPartition_": "           0"
      },
      "rowNumber": 9
    },
    {
      "dataMap": {
        "_Column_": "P_BAD1",
        "_CumLiftBest_": "2.22222222222",
        "_CumLift_": "1.85410433776",
        "_CumPctRespBest_": "44.0740740741",
        "_CumPctResp_": "36.7730693657",
        "_CumRespBest_": "100",
        "_CumResp_": "83.4346951994",
        "_DataRole_": "VALIDATE",
        "_Depth_": "45",
        "_Event_": "           1",
        "_GainBest_": "1.22222222222",
        "_Gain_": "0.854104337764",
        "_LiftBest_": "0",
        "_Lift_": "0.302823832236",
        "_NEventsBest_": "0",
        "_NEvents_": "5.40540540541",
        "_NObs_": "90",
        "_PartInd_": "0",
        "_PctRespBest_": "0",
        "_PctResp_": "6.00600600601",
        "_RespBest_": "0",
        "_Resp_": "1.51411916118",
        "_TargetName_": "BAD",
        "_Value_": "0.056813962124",
        "_formattedPartition_": "           0"
      },
      "rowNumber": 10
    },
    {
      "dataMap": {
        "_Column_": "P_BAD1",
        "_CumLiftBest_": "2",
        "_CumLift_": "1.69897628721",
        "_CumPctRespBest_": "39.6666666667",
        "_CumPctResp_": "33.6963630297",
        "_CumRespBest_": "100",
        "_CumResp_": "84.9488143606",
        "_DataRole_": "VALIDATE",
        "_Depth_": "50",
        "_Event_": "           1",
        "_GainBest_": "1",
        "_Gain_": "0.698976287212",
        "_LiftBest_": "0",
        "_Lift_": "0.302823832236",
        "_NEventsBest_": "0",
        "_NEvents_": "5.40540540541",
        "_NObs_": "90",
        "_PartInd_": "0",
        "_PctRespBest_": "0",
        "_PctResp_": "6.00600600601",
        "_RespBest_": "0",
        "_Resp_": "1.51411916118",
        "_TargetName_": "BAD",
        "_Value_": "0.056813962124",
        "_formattedPartition_": "           0"
      },
      "rowNumber": 11
    },
    {
      "dataMap": {
        "_Column_": "P_BAD1",
        "_CumLiftBest_": "1.81818181818",
        "_CumLift_": "1.57205333676",
        "_CumPctRespBest_": "36.0606060606",
        "_CumPctResp_": "31.1790578457",
        "_CumRespBest_": "100",
        "_CumResp_": "86.4629335218",
        "_DataRole_": "VALIDATE",
        "_Depth_": "55",
        "_Event_": "           1",
        "_GainBest_": "0.818181818182",
        "_Gain_": "0.572053336759",
        "_LiftBest_": "0",
        "_Lift_": "0.302823832236",
        "_NEventsBest_": "0",
        "_NEvents_": "5.40540540541",
        "_NObs_": "90",
        "_PartInd_": "0",
        "_PctRespBest_": "0",
        "_PctResp_": "6.00600600601",
        "_RespBest_": "0",
        "_Resp_": "1.51411916118",
        "_TargetName_": "BAD",
        "_Value_": "0.056813962124",
        "_formattedPartition_": "           0"
      },
      "rowNumber": 12
    },
    {
      "dataMap": {
        "_Column_": "P_BAD1",
        "_CumLiftBest_": "1.66666666667",
        "_CumLift_": "1.46628421138",
        "_CumPctRespBest_": "33.0555555556",
        "_CumPctResp_": "29.0813035257",
        "_CumRespBest_": "100",
        "_CumResp_": "87.9770526829",
        "_DataRole_": "VALIDATE",
        "_Depth_": "60",
        "_Event_": "           1",
        "_GainBest_": "0.666666666667",
        "_Gain_": "0.466284211382",
        "_LiftBest_": "0",
        "_Lift_": "0.302823832236",
        "_NEventsBest_": "0",
        "_NEvents_": "5.40540540541",
        "_NObs_": "90",
        "_PartInd_": "0",
        "_PctRespBest_": "0",
        "_PctResp_": "6.00600600601",
        "_RespBest_": "0",
        "_Resp_": "1.51411916118",
        "_TargetName_": "BAD",
        "_Value_": "0.056813962124",
        "_formattedPartition_": "           0"
      },
      "rowNumber": 13
    },
    {
      "dataMap": {
        "_Column_": "P_BAD1",
        "_CumLiftBest_": "1.53846153846",
        "_CumLift_": "1.37678725914",
        "_CumPctRespBest_": "30.5128205128",
        "_CumPctResp_": "27.3062806396",
        "_CumRespBest_": "100",
        "_CumResp_": "89.4911718441",
        "_DataRole_": "VALIDATE",
        "_Depth_": "65",
        "_Event_": "           1",
        "_GainBest_": "0.538461538462",
        "_Gain_": "0.37678725914",
        "_LiftBest_": "0",
        "_Lift_": "0.302823832236",
        "_NEventsBest_": "0",
        "_NEvents_": "5.40540540541",
        "_NObs_": "90",
        "_PartInd_": "0",
        "_PctRespBest_": "0",
        "_PctResp_": "6.00600600601",
        "_RespBest_": "0",
        "_Resp_": "1.51411916118",
        "_TargetName_": "BAD",
        "_Value_": "0.056813962124",
        "_formattedPartition_": "           0"
      },
      "rowNumber": 14
    },
    {
      "dataMap": {
        "_Column_": "P_BAD1",
        "_CumLiftBest_": "1.42857142857",
        "_CumLift_": "1.30007558579",
        "_CumPctRespBest_": "28.3333333333",
        "_CumPctResp_": "25.7848324515",
        "_CumRespBest_": "100",
        "_CumResp_": "91.0052910053",
        "_DataRole_": "VALIDATE",
        "_Depth_": "70",
        "_Event_": "           1",
        "_GainBest_": "0.428571428571",
        "_Gain_": "0.30007558579",
        "_LiftBest_": "0",
        "_Lift_": "0.302823832236",
        "_NEventsBest_": "0",
        "_NEvents_": "5.40540540541",
        "_NObs_": "90",
        "_PartInd_": "0",
        "_PctRespBest_": "0",
        "_PctResp_": "6.00600600601",
        "_RespBest_": "0",
        "_Resp_": "1.51411916118",
        "_TargetName_": "BAD",
        "_Value_": "0.056813962124",
        "_formattedPartition_": "           0"
      },
      "rowNumber": 15
    },
    {
      "dataMap": {
        "_Column_": "P_BAD1",
        "_CumLiftBest_": "1.33333333333",
        "_CumLift_": "1.23359213555",
        "_CumPctRespBest_": "26.4444444444",
        "_CumPctResp_": "24.4662440218",
        "_CumRespBest_": "100",
        "_CumResp_": "92.5194101665",
        "_DataRole_": "VALIDATE",
        "_Depth_": "75",
        "_Event_": "           1",
        "_GainBest_": "0.333333333333",
        "_Gain_": "0.233592135553",
        "_LiftBest_": "0",
        "_Lift_": "0.302823832236",
        "_NEventsBest_": "0",
        "_NEvents_": "5.40540540541",
        "_NObs_": "90",
        "_PartInd_": "0",
        "_PctRespBest_": "0",
        "_PctResp_": "6.00600600601",
        "_RespBest_": "0",
        "_Resp_": "1.51411916118",
        "_TargetName_": "BAD",
        "_Value_": "0.056813962124",
        "_formattedPartition_": "           0"
      },
      "rowNumber": 16
    },
    {
      "dataMap": {
        "_Column_": "P_BAD1",
        "_CumLiftBest_": "1.25",
        "_CumLift_": "1.1754191166",
        "_CumPctRespBest_": "24.7916666667",
        "_CumPctResp_": "23.3124791458",
        "_CumRespBest_": "100",
        "_CumResp_": "94.0335293276",
        "_DataRole_": "VALIDATE",
        "_Depth_": "80",
        "_Event_": "           1",
        "_GainBest_": "0.25",
        "_Gain_": "0.175419116596",
        "_LiftBest_": "0",
        "_Lift_": "0.302823832236",
        "_NEventsBest_": "0",
        "_NEvents_": "5.40540540541",
        "_NObs_": "90",
        "_PartInd_": "0",
        "_PctRespBest_": "0",
        "_PctResp_": "6.00600600601",
        "_RespBest_": "0",
        "_Resp_": "1.51411916118",
        "_TargetName_": "BAD",
        "_Value_": "0.056813962124",
        "_formattedPartition_": "           0"
      },
      "rowNumber": 17
    },
    {
      "dataMap": {
        "_Column_": "P_BAD1",
        "_CumLiftBest_": "1.17647058824",
        "_CumLift_": "1.12408998222",
        "_CumPctRespBest_": "23.3333333333",
        "_CumPctResp_": "22.2944513141",
        "_CumRespBest_": "100",
        "_CumResp_": "95.5476484888",
        "_DataRole_": "VALIDATE",
        "_Depth_": "85",
        "_Event_": "           1",
        "_GainBest_": "0.176470588235",
        "_Gain_": "0.124089982221",
        "_LiftBest_": "0",
        "_Lift_": "0.302823832236",
        "_NEventsBest_": "0",
        "_NEvents_": "5.40540540541",
        "_NObs_": "90",
        "_PartInd_": "0",
        "_PctRespBest_": "0",
        "_PctResp_": "6.00600600601",
        "_RespBest_": "0",
        "_Resp_": "1.51411916118",
        "_TargetName_": "BAD",
        "_Value_": "0.056813962124",
        "_formattedPartition_": "           0"
      },
      "rowNumber": 18
    },
    {
      "dataMap": {
        "_Column_": "P_BAD1",
        "_CumLiftBest_": "1.11111111111",
        "_CumLift_": "1.078464085",
        "_CumPctRespBest_": "22.037037037",
        "_CumPctResp_": "21.3895376858",
        "_CumRespBest_": "100",
        "_CumResp_": "97.06176765",
        "_DataRole_": "VALIDATE",
        "_Depth_": "90",
        "_Event_": "           1",
        "_GainBest_": "0.111111111111",
        "_Gain_": "0.078464085",
        "_LiftBest_": "0",
        "_Lift_": "0.302823832236",
        "_NEventsBest_": "0",
        "_NEvents_": "5.40540540541",
        "_NObs_": "90",
        "_PartInd_": "0",
        "_PctRespBest_": "0",
        "_PctResp_": "6.00600600601",
        "_RespBest_": "0",
        "_Resp_": "1.51411916118",
        "_TargetName_": "BAD",
        "_Value_": "0.056813962124",
        "_formattedPartition_": "           0"
      },
      "rowNumber": 19
    },
    {
      "dataMap": {
        "_Column_": "P_BAD1",
        "_CumLiftBest_": "1.05263157895",
        "_CumLift_": "1.0376409138",
        "_CumPctRespBest_": "20.8771929825",
        "_CumPctResp_": "20.5798781237",
        "_CumRespBest_": "100",
        "_CumResp_": "98.5758868112",
        "_DataRole_": "VALIDATE",
        "_Depth_": "95",
        "_Event_": "           1",
        "_GainBest_": "0.0526315789474",
        "_Gain_": "0.0376409138019",
        "_LiftBest_": "0",
        "_Lift_": "0.302823832236",
        "_NEventsBest_": "0",
        "_NEvents_": "5.40540540541",
        "_NObs_": "90",
        "_PartInd_": "0",
        "_PctRespBest_": "0",
        "_PctResp_": "6.00600600601",
        "_RespBest_": "0",
        "_Resp_": "1.51411916118",
        "_TargetName_": "BAD",
        "_Value_": "0.056813962124",
        "_formattedPartition_": "           0"
      },
      "rowNumber": 20
    },
    {
      "dataMap": {
        "_Column_": "P_BAD1",
        "_CumLiftBest_": "1",
        "_CumLift_": "1",
        "_CumPctRespBest_": "19.966442953",
        "_CumPctResp_": "19.966442953",
        "_CumRespBest_": "100",
        "_CumResp_": "100",
        "_DataRole_": "VALIDATE",
        "_Depth_": "100",
        "_Event_": "           1",
        "_GainBest_": "0",
        "_Gain_": "4.4408920985e-16",
        "_LiftBest_": "0",
        "_Lift_": "0.284822637764",
        "_NEventsBest_": "0",
        "_NEvents_": "5.08408408408",
        "_NObs_": "78",
        "_PartInd_": "0",
        "_PctRespBest_": "0",
        "_PctResp_": "6.51805651806",
        "_RespBest_": "0",
        "_Resp_": "1.42411318882",
        "_TargetName_": "BAD",
        "_Value_": "0.04",
        "_formattedPartition_": "           0"
      },
      "rowNumber": 21
    },
    {
      "dataMap": {
        "_Column_": "P_BAD1",
        "_CumLiftBest_": null,
        "_CumLift_": null,
        "_CumPctRespBest_": null,
        "_CumPctResp_": null,
        "_CumRespBest_": "0",
        "_CumResp_": "0",
        "_DataRole_": "TRAIN",
        "_Depth_": "0",
        "_Event_": "           1",
        "_GainBest_": null,
        "_Gain_": null,
        "_LiftBest_": null,
        "_Lift_": null,
        "_NEventsBest_": "0",
        "_NEvents_": "0",
        "_NObs_": "0",
        "_PartInd_": "1",
        "_PctRespBest_": null,
        "_PctResp_": null,
        "_RespBest_": "0",
        "_Resp_": "0",
        "_TargetName_": "BAD",
        "_Value_": "0",
        "_formattedPartition_": "           1"
      },
      "rowNumber": 22
    },
    {
      "dataMap": {
        "_Column_": "P_BAD1",
        "_CumLiftBest_": "5.02103786816",
        "_CumLift_": "4.77793361384",
        "_CumPctRespBest_": "100",
        "_CumPctResp_": "95.1582867784",
        "_CumRespBest_": "25.1051893408",
        "_CumResp_": "23.8896680692",
        "_DataRole_": "TRAIN",
        "_Depth_": "5",
        "_Event_": "           1",
        "_GainBest_": "4.02103786816",
        "_Gain_": "3.77793361384",
        "_LiftBest_": "5.02103786816",
        "_Lift_": "4.77793361384",
        "_NEventsBest_": "179",
        "_NEvents_": "170.333333333",
        "_NObs_": "179",
        "_PartInd_": "1",
        "_PctRespBest_": "100",
        "_PctResp_": "95.1582867784",
        "_RespBest_": "25.1051893408",
        "_Resp_": "23.8896680692",
        "_TargetName_": "BAD",
        "_Value_": "0.833333333333",
        "_formattedPartition_": "           1"
      },
      "rowNumber": 23
    },
    {
      "dataMap": {
        "_Column_": "P_BAD1",
        "_CumLiftBest_": "5.02103786816",
        "_CumLift_": "4.44753841586",
        "_CumPctRespBest_": "100",
        "_CumPctResp_": "88.5780695673",
        "_CumRespBest_": "50.2103786816",
        "_CumResp_": "44.4753841586",
        "_DataRole_": "TRAIN",
        "_Depth_": "10",
        "_Event_": "           1",
        "_GainBest_": "4.02103786816",
        "_Gain_": "3.44753841586",
        "_LiftBest_": "5.02103786816",
        "_Lift_": "4.11714321789",
        "_NEventsBest_": "179",
        "_NEvents_": "146.776155718",
        "_NObs_": "179",
        "_PartInd_": "1",
        "_PctRespBest_": "100",
        "_PctResp_": "81.9978523563",
        "_RespBest_": "25.1051893408",
        "_Resp_": "20.5857160894",
        "_TargetName_": "BAD",
        "_Value_": "0.788321167883",
        "_formattedPartition_": "           1"
      },
      "rowNumber": 24
    },
    {
      "dataMap": {
        "_Column_": "P_BAD1",
        "_CumLiftBest_": "5.02103786816",
        "_CumLift_": "4.01296860093",
        "_CumPctRespBest_": "100",
        "_CumPctResp_": "79.9230897337",
        "_CumRespBest_": "75.3155680224",
        "_CumResp_": "60.194529014",
        "_DataRole_": "TRAIN",
        "_Depth_": "15",
        "_Event_": "           1",
        "_GainBest_": "4.02103786816",
        "_Gain_": "3.01296860093",
        "_LiftBest_": "5.02103786816",
        "_Lift_": "3.14382897108",
        "_NEventsBest_": "179",
        "_NEvents_": "112.077502819",
        "_NObs_": "179",
        "_PartInd_": "1",
        "_PctRespBest_": "100",
        "_PctResp_": "62.6131300664",
        "_RespBest_": "25.1051893408",
        "_Resp_": "15.7191448554",
        "_TargetName_": "BAD",
        "_Value_": "0.425474254743",
        "_formattedPartition_": "           1"
      },
      "rowNumber": 25
    },
    {
      "dataMap": {
        "_Column_": "P_BAD1",
        "_CumLiftBest_": "5",
        "_CumLift_": "3.54380703695",
        "_CumPctRespBest_": "99.5810055866",
        "_CumPctResp_": "70.5791736688",
        "_CumRespBest_": "100",
        "_CumResp_": "70.876140739",
        "_DataRole_": "TRAIN",
        "_Depth_": "20",
        "_Event_": "           1",
        "_GainBest_": "4",
        "_Gain_": "2.54380703695",
        "_LiftBest_": "4.93688639551",
        "_Lift_": "2.13632234499",
        "_NEventsBest_": "176",
        "_NEvents_": "76.1598915989",
        "_NObs_": "179",
        "_PartInd_": "1",
        "_PctRespBest_": "98.3240223464",
        "_PctResp_": "42.5474254743",
        "_RespBest_": "24.6844319776",
        "_Resp_": "10.681611725",
        "_TargetName_": "BAD",
        "_Value_": "0.425474254743",
        "_formattedPartition_": "           1"
      },
      "rowNumber": 26
    },
    {
      "dataMap": {
        "_Column_": "P_BAD1",
        "_CumLiftBest_": "4",
        "_CumLift_": "3.14783796128",
        "_CumPctRespBest_": "79.6648044693",
        "_CumPctResp_": "62.6929739216",
        "_CumRespBest_": "100",
        "_CumResp_": "78.6959490321",
        "_DataRole_": "TRAIN",
        "_Depth_": "25",
        "_Event_": "           1",
        "_GainBest_": "3",
        "_Gain_": "2.14783796128",
        "_LiftBest_": "0",
        "_Lift_": "1.56396165862",
        "_NEventsBest_": "0",
        "_NEvents_": "55.7552331298",
        "_NObs_": "179",
        "_PartInd_": "1",
        "_PctRespBest_": "0",
        "_PctResp_": "31.1481749328",
        "_RespBest_": "0",
        "_Resp_": "7.81980829309",
        "_TargetName_": "BAD",
        "_Value_": "0.056813962124",
        "_formattedPartition_": "           1"
      },
      "rowNumber": 27
    },
    {
      "dataMap": {
        "_Column_": "P_BAD1",
        "_CumLiftBest_": "3.33333333333",
        "_CumLift_": "2.67074247695",
        "_CumPctRespBest_": "66.3873370577",
        "_CumPctResp_": "53.1910443034",
        "_CumRespBest_": "100",
        "_CumResp_": "80.1222743084",
        "_DataRole_": "TRAIN",
        "_Depth_": "30",
        "_Event_": "           1",
        "_GainBest_": "2.33333333333",
        "_Gain_": "1.67074247695",
        "_LiftBest_": "0",
        "_Lift_": "0.285265055265",
        "_NEventsBest_": "0",
        "_NEvents_": "10.1696992202",
        "_NObs_": "179",
        "_PartInd_": "1",
        "_PctRespBest_": "0",
        "_PctResp_": "5.6813962124",
        "_RespBest_": "0",
        "_Resp_": "1.42632527633",
        "_TargetName_": "BAD",
        "_Value_": "0.056813962124",
        "_formattedPartition_": "           1"
      },
      "rowNumber": 28
    },
    {
      "dataMap": {
        "_Column_": "P_BAD1",
        "_CumLiftBest_": "2.85714285714",
        "_CumLift_": "2.32995998813",
        "_CumPctRespBest_": "56.9034317638",
        "_CumPctResp_": "46.403951719",
        "_CumRespBest_": "100",
        "_CumResp_": "81.5485995847",
        "_DataRole_": "TRAIN",
        "_Depth_": "35",
        "_Event_": "           1",
        "_GainBest_": "1.85714285714",
        "_Gain_": "1.32995998813",
        "_LiftBest_": "0",
        "_Lift_": "0.285265055265",
        "_NEventsBest_": "0",
        "_NEvents_": "10.1696992202",
        "_NObs_": "179",
        "_PartInd_": "1",
        "_PctRespBest_": "0",
        "_PctResp_": "5.6813962124",
        "_RespBest_": "0",
        "_Resp_": "1.42632527633",
        "_TargetName_": "BAD",
        "_Value_": "0.056813962124",
        "_formattedPartition_": "           1"
      },
      "rowNumber": 29
    },
    {
      "dataMap": {
        "_Column_": "P_BAD1",
        "_CumLiftBest_": "2.5",
        "_CumLift_": "2.07437312153",
        "_CumPctRespBest_": "49.7905027933",
        "_CumPctResp_": "41.3136322807",
        "_CumRespBest_": "100",
        "_CumResp_": "82.974924861",
        "_DataRole_": "TRAIN",
        "_Depth_": "40",
        "_Event_": "           1",
        "_GainBest_": "1.5",
        "_Gain_": "1.07437312153",
        "_LiftBest_": "0",
        "_Lift_": "0.285265055265",
        "_NEventsBest_": "0",
        "_NEvents_": "10.1696992202",
        "_NObs_": "179",
        "_PartInd_": "1",
        "_PctRespBest_": "0",
        "_PctResp_": "5.6813962124",
        "_RespBest_": "0",
        "_Resp_": "1.42632527633",
        "_TargetName_": "BAD",
        "_Value_": "0.056813962124",
        "_formattedPartition_": "           1"
      },
      "rowNumber": 30
    },
    {
      "dataMap": {
        "_Column_": "P_BAD1",
        "_CumLiftBest_": "2.22222222222",
        "_CumLift_": "1.87558333639",
        "_CumPctRespBest_": "44.2582247052",
        "_CumPctResp_": "37.3544949398",
        "_CumRespBest_": "100",
        "_CumResp_": "84.4012501374",
        "_DataRole_": "TRAIN",
        "_Depth_": "45",
        "_Event_": "           1",
        "_GainBest_": "1.22222222222",
        "_Gain_": "0.875583336386",
        "_LiftBest_": "0",
        "_Lift_": "0.285265055265",
        "_NEventsBest_": "0",
        "_NEvents_": "10.1696992202",
        "_NObs_": "179",
        "_PartInd_": "1",
        "_PctRespBest_": "0",
        "_PctResp_": "5.6813962124",
        "_RespBest_": "0",
        "_Resp_": "1.42632527633",
        "_TargetName_": "BAD",
        "_Value_": "0.056813962124",
        "_formattedPartition_": "           1"
      },
      "rowNumber": 31
    },
    {
      "dataMap": {
        "_Column_": "P_BAD1",
        "_CumLiftBest_": "2",
        "_CumLift_": "1.71655150827",
        "_CumPctRespBest_": "39.8324022346",
        "_CumPctResp_": "34.187185067",
        "_CumRespBest_": "100",
        "_CumResp_": "85.8275754137",
        "_DataRole_": "TRAIN",
        "_Depth_": "50",
        "_Event_": "           1",
        "_GainBest_": "1",
        "_Gain_": "0.716551508274",
        "_LiftBest_": "0",
        "_Lift_": "0.285265055265",
        "_NEventsBest_": "0",
        "_NEvents_": "10.1696992202",
        "_NObs_": "179",
        "_PartInd_": "1",
        "_PctRespBest_": "0",
        "_PctResp_": "5.6813962124",
        "_RespBest_": "0",
        "_Resp_": "1.42632527633",
        "_TargetName_": "BAD",
        "_Value_": "0.056813962124",
        "_formattedPartition_": "           1"
      },
      "rowNumber": 32
    },
    {
      "dataMap": {
        "_Column_": "P_BAD1",
        "_CumLiftBest_": "1.81818181818",
        "_CumLift_": "1.586434558",
        "_CumPctRespBest_": "36.2112747588",
        "_CumPctResp_": "31.5957497166",
        "_CumRespBest_": "100",
        "_CumResp_": "87.25390069",
        "_DataRole_": "TRAIN",
        "_Depth_": "55",
        "_Event_": "           1",
        "_GainBest_": "0.818181818182",
        "_Gain_": "0.586434558",
        "_LiftBest_": "0",
        "_Lift_": "0.285265055265",
        "_NEventsBest_": "0",
        "_NEvents_": "10.1696992202",
        "_NObs_": "179",
        "_PartInd_": "1",
        "_PctRespBest_": "0",
        "_PctResp_": "5.6813962124",
        "_RespBest_": "0",
        "_Resp_": "1.42632527633",
        "_TargetName_": "BAD",
        "_Value_": "0.056813962124",
        "_formattedPartition_": "           1"
      },
      "rowNumber": 33
    },
    {
      "dataMap": {
        "_Column_": "P_BAD1",
        "_CumLiftBest_": "1.66666666667",
        "_CumLift_": "1.47800376611",
        "_CumPctRespBest_": "33.1936685289",
        "_CumPctResp_": "29.4362202579",
        "_CumRespBest_": "100",
        "_CumResp_": "88.6802259663",
        "_DataRole_": "TRAIN",
        "_Depth_": "60",
        "_Event_": "           1",
        "_GainBest_": "0.666666666667",
        "_Gain_": "0.478003766106",
        "_LiftBest_": "0",
        "_Lift_": "0.285265055265",
        "_NEventsBest_": "0",
        "_NEvents_": "10.1696992202",
        "_NObs_": "179",
        "_PartInd_": "1",
        "_PctRespBest_": "0",
        "_PctResp_": "5.6813962124",
        "_RespBest_": "0",
        "_Resp_": "1.42632527633",
        "_TargetName_": "BAD",
        "_Value_": "0.056813962124",
        "_formattedPartition_": "           1"
      },
      "rowNumber": 34
    },
    {
      "dataMap": {
        "_Column_": "P_BAD1",
        "_CumLiftBest_": "1.53846153846",
        "_CumLift_": "1.3862546345",
        "_CumPctRespBest_": "30.6403094113",
        "_CumPctResp_": "27.6089261006",
        "_CumRespBest_": "100",
        "_CumResp_": "90.1065512427",
        "_DataRole_": "TRAIN",
        "_Depth_": "65",
        "_Event_": "           1",
        "_GainBest_": "0.538461538462",
        "_Gain_": "0.386254634503",
        "_LiftBest_": "0",
        "_Lift_": "0.285265055265",
        "_NEventsBest_": "0",
        "_NEvents_": "10.1696992202",
        "_NObs_": "179",
        "_PartInd_": "1",
        "_PctRespBest_": "0",
        "_PctResp_": "5.6813962124",
        "_RespBest_": "0",
        "_Resp_": "1.42632527633",
        "_TargetName_": "BAD",
        "_Value_": "0.056813962124",
        "_formattedPartition_": "           1"
      },
      "rowNumber": 35
    },
    {
      "dataMap": {
        "_Column_": "P_BAD1",
        "_CumLiftBest_": "1.42857142857",
        "_CumLift_": "1.3076125217",
        "_CumPctRespBest_": "28.4517158819",
        "_CumPctResp_": "26.0426739657",
        "_CumRespBest_": "100",
        "_CumResp_": "91.532876519",
        "_DataRole_": "TRAIN",
        "_Depth_": "70",
        "_Event_": "           1",
        "_GainBest_": "0.428571428571",
        "_Gain_": "0.3076125217",
        "_LiftBest_": "0",
        "_Lift_": "0.285265055265",
        "_NEventsBest_": "0",
        "_NEvents_": "10.1696992202",
        "_NObs_": "179",
        "_PartInd_": "1",
        "_PctRespBest_": "0",
        "_PctResp_": "5.6813962124",
        "_RespBest_": "0",
        "_Resp_": "1.42632527633",
        "_TargetName_": "BAD",
        "_Value_": "0.056813962124",
        "_formattedPartition_": "           1"
      },
      "rowNumber": 36
    },
    {
      "dataMap": {
        "_Column_": "P_BAD1",
        "_CumLiftBest_": "1.33333333333",
        "_CumLift_": "1.23945602394",
        "_CumPctRespBest_": "26.5549348231",
        "_CumPctResp_": "24.6852554488",
        "_CumRespBest_": "100",
        "_CumResp_": "92.9592017953",
        "_DataRole_": "TRAIN",
        "_Depth_": "75",
        "_Event_": "           1",
        "_GainBest_": "0.333333333333",
        "_Gain_": "0.239456023938",
        "_LiftBest_": "0",
        "_Lift_": "0.285265055265",
        "_NEventsBest_": "0",
        "_NEvents_": "10.1696992202",
        "_NObs_": "179",
        "_PartInd_": "1",
        "_PctRespBest_": "0",
        "_PctResp_": "5.6813962124",
        "_RespBest_": "0",
        "_Resp_": "1.42632527633",
        "_TargetName_": "BAD",
        "_Value_": "0.056813962124",
        "_formattedPartition_": "           1"
      },
      "rowNumber": 37
    },
    {
      "dataMap": {
        "_Column_": "P_BAD1",
        "_CumLiftBest_": "1.25",
        "_CumLift_": "1.1798190884",
        "_CumPctRespBest_": "24.8952513966",
        "_CumPctResp_": "23.4975142465",
        "_CumRespBest_": "100",
        "_CumResp_": "94.3855270716",
        "_DataRole_": "TRAIN",
        "_Depth_": "80",
        "_Event_": "           1",
        "_GainBest_": "0.25",
        "_Gain_": "0.179819088396",
        "_LiftBest_": "0",
        "_Lift_": "0.285265055265",
        "_NEventsBest_": "0",
        "_NEvents_": "10.1696992202",
        "_NObs_": "179",
        "_PartInd_": "1",
        "_PctRespBest_": "0",
        "_PctResp_": "5.6813962124",
        "_RespBest_": "0",
        "_Resp_": "1.42632527633",
        "_TargetName_": "BAD",
        "_Value_": "0.056813962124",
        "_formattedPartition_": "           1"
      },
      "rowNumber": 38
    },
    {
      "dataMap": {
        "_Column_": "P_BAD1",
        "_CumLiftBest_": "1.17647058824",
        "_CumLift_": "1.12719826292",
        "_CumPctRespBest_": "23.4308248439",
        "_CumPctResp_": "22.4495073034",
        "_CumRespBest_": "100",
        "_CumResp_": "95.811852348",
        "_DataRole_": "TRAIN",
        "_Depth_": "85",
        "_Event_": "           1",
        "_GainBest_": "0.176470588235",
        "_Gain_": "0.127198262917",
        "_LiftBest_": "0",
        "_Lift_": "0.285265055265",
        "_NEventsBest_": "0",
        "_NEvents_": "10.1696992202",
        "_NObs_": "179",
        "_PartInd_": "1",
        "_PctRespBest_": "0",
        "_PctResp_": "5.6813962124",
        "_RespBest_": "0",
        "_Resp_": "1.42632527633",
        "_TargetName_": "BAD",
        "_Value_": "0.056813962124",
        "_formattedPartition_": "           1"
      },
      "rowNumber": 39
    },
    {
      "dataMap": {
        "_Column_": "P_BAD1",
        "_CumLiftBest_": "1.11111111111",
        "_CumLift_": "1.08042419583",
        "_CumPctRespBest_": "22.1291123526",
        "_CumPctResp_": "21.5179455761",
        "_CumRespBest_": "100",
        "_CumResp_": "97.2381776243",
        "_DataRole_": "TRAIN",
        "_Depth_": "90",
        "_Event_": "           1",
        "_GainBest_": "0.111111111111",
        "_Gain_": "0.0804241958255",
        "_LiftBest_": "0",
        "_Lift_": "0.285265055265",
        "_NEventsBest_": "0",
        "_NEvents_": "10.1696992202",
        "_NObs_": "179",
        "_PartInd_": "1",
        "_PctRespBest_": "0",
        "_PctResp_": "5.6813962124",
        "_RespBest_": "0",
        "_Resp_": "1.42632527633",
        "_TargetName_": "BAD",
        "_Value_": "0.056813962124",
        "_formattedPartition_": "           1"
      },
      "rowNumber": 40
    },
    {
      "dataMap": {
        "_Column_": "P_BAD1",
        "_CumLiftBest_": "1.05263157895",
        "_CumLift_": "1.03857371474",
        "_CumPctRespBest_": "20.9644222288",
        "_CumPctResp_": "20.684442978",
        "_CumRespBest_": "100",
        "_CumResp_": "98.6645029006",
        "_DataRole_": "TRAIN",
        "_Depth_": "95",
        "_Event_": "           1",
        "_GainBest_": "0.0526315789474",
        "_Gain_": "0.0385737147433",
        "_LiftBest_": "0",
        "_Lift_": "0.285265055265",
        "_NEventsBest_": "0",
        "_NEvents_": "10.1696992202",
        "_NObs_": "179",
        "_PartInd_": "1",
        "_PctRespBest_": "0",
        "_PctResp_": "5.6813962124",
        "_RespBest_": "0",
        "_Resp_": "1.42632527633",
        "_TargetName_": "BAD",
        "_Value_": "0.056813962124",
        "_formattedPartition_": "           1"
      },
      "rowNumber": 41
    },
    {
      "dataMap": {
        "_Column_": "P_BAD1",
        "_CumLiftBest_": "1",
        "_CumLift_": "1",
        "_CumPctRespBest_": "19.9384787472",
        "_CumPctResp_": "19.9384787472",
        "_CumRespBest_": "100",
        "_CumResp_": "100",
        "_DataRole_": "TRAIN",
        "_Depth_": "100",
        "_Event_": "           1",
        "_GainBest_": "0",
        "_Gain_": "0",
        "_LiftBest_": "0",
        "_Lift_": "0.267099419877",
        "_NEventsBest_": "0",
        "_NEvents_": "9.5220943186",
        "_NObs_": "175",
        "_PartInd_": "1",
        "_PctRespBest_": "0",
        "_PctResp_": "5.44119675349",
        "_RespBest_": "0",
        "_Resp_": "1.33549709938",
        "_TargetName_": "BAD",
        "_Value_": "0.04",
        "_formattedPartition_": "           1"
      },
      "rowNumber": 42
    },
    {
      "dataMap": {
        "_Column_": "P_BAD1",
        "_CumLiftBest_": null,
        "_CumLift_": null,
        "_CumPctRespBest_": null,
        "_CumPctResp_": null,
        "_CumRespBest_": "0",
        "_CumResp_": "0",
        "_DataRole_": "TEST",
        "_Depth_": "0",
        "_Event_": "           1",
        "_GainBest_": null,
        "_Gain_": null,
        "_LiftBest_": null,
        "_Lift_": null,
        "_NEventsBest_": "0",
        "_NEvents_": "0",
        "_NObs_": "0",
        "_PartInd_": "2",
        "_PctRespBest_": null,
        "_PctResp_": null,
        "_RespBest_": "0",
        "_Resp_": "0",
        "_TargetName_": "BAD",
        "_Value_": "0",
        "_formattedPartition_": "           2"
      },
      "rowNumber": 43
    },
    {
      "dataMap": {
        "_Column_": "P_BAD1",
        "_CumLiftBest_": "5.04201680672",
        "_CumLift_": "4.58165875046",
        "_CumPctRespBest_": "100",
        "_CumPctResp_": "90.8695652174",
        "_CumRespBest_": "25.2100840336",
        "_CumResp_": "22.9082937523",
        "_DataRole_": "TEST",
        "_Depth_": "5",
        "_Event_": "           1",
        "_GainBest_": "4.04201680672",
        "_Gain_": "3.58165875046",
        "_LiftBest_": "5.04201680672",
        "_Lift_": "4.58165875046",
        "_NEventsBest_": "30",
        "_NEvents_": "27.2608695652",
        "_NObs_": "30",
        "_PartInd_": "2",
        "_PctRespBest_": "100",
        "_PctResp_": "90.8695652174",
        "_RespBest_": "25.2100840336",
        "_Resp_": "22.9082937523",
        "_TargetName_": "BAD",
        "_Value_": "0.833333333333",
        "_formattedPartition_": "           2"
      },
      "rowNumber": 44
    },
    {
      "dataMap": {
        "_Column_": "P_BAD1",
        "_CumLiftBest_": "5.04201680672",
        "_CumLift_": "4.12528647823",
        "_CumPctRespBest_": "100",
        "_CumPctResp_": "81.8181818182",
        "_CumRespBest_": "50.4201680672",
        "_CumResp_": "41.2528647823",
        "_DataRole_": "TEST",
        "_Depth_": "10",
        "_Event_": "           1",
        "_GainBest_": "4.04201680672",
        "_Gain_": "3.12528647823",
        "_LiftBest_": "5.04201680672",
        "_Lift_": "3.668914206",
        "_NEventsBest_": "30",
        "_NEvents_": "21.8300395257",
        "_NObs_": "30",
        "_PartInd_": "2",
        "_PctRespBest_": "100",
        "_PctResp_": "72.766798419",
        "_RespBest_": "25.2100840336",
        "_Resp_": "18.34457103",
        "_TargetName_": "BAD",
        "_Value_": "0.788321167883",
        "_formattedPartition_": "           2"
      },
      "rowNumber": 45
    },
    {
      "dataMap": {
        "_Column_": "P_BAD1",
        "_CumLiftBest_": "5.04201680672",
        "_CumLift_": "3.8138332256",
        "_CumPctRespBest_": "100",
        "_CumPctResp_": "75.641025641",
        "_CumRespBest_": "75.6302521008",
        "_CumResp_": "57.207498384",
        "_DataRole_": "TEST",
        "_Depth_": "15",
        "_Event_": "           1",
        "_GainBest_": "4.04201680672",
        "_Gain_": "2.8138332256",
        "_LiftBest_": "5.04201680672",
        "_Lift_": "3.19092672034",
        "_NEventsBest_": "30",
        "_NEvents_": "18.986013986",
        "_NObs_": "30",
        "_PartInd_": "2",
        "_PctRespBest_": "100",
        "_PctResp_": "63.2867132867",
        "_RespBest_": "25.2100840336",
        "_Resp_": "15.9546336017",
        "_TargetName_": "BAD",
        "_Value_": "0.425474254743",
        "_formattedPartition_": "           2"
      },
      "rowNumber": 46
    },
    {
      "dataMap": {
        "_Column_": "P_BAD1",
        "_CumLiftBest_": "5",
        "_CumLift_": "3.53910795087",
        "_CumPctRespBest_": "99.1666666667",
        "_CumPctResp_": "70.1923076923",
        "_CumRespBest_": "100",
        "_CumResp_": "70.7821590175",
        "_DataRole_": "TEST",
        "_Depth_": "20",
        "_Event_": "           1",
        "_GainBest_": "4",
        "_Gain_": "2.53910795087",
        "_LiftBest_": "4.87394957983",
        "_Lift_": "2.7149321267",
        "_NEventsBest_": "29",
        "_NEvents_": "16.1538461538",
        "_NObs_": "30",
        "_PartInd_": "2",
        "_PctRespBest_": "96.6666666667",
        "_PctResp_": "53.8461538462",
        "_RespBest_": "24.3697478992",
        "_Resp_": "13.5746606335",
        "_TargetName_": "BAD",
        "_Value_": "0.425474254743",
        "_formattedPartition_": "           2"
      },
      "rowNumber": 47
    },
    {
      "dataMap": {
        "_Column_": "P_BAD1",
        "_CumLiftBest_": "4",
        "_CumLift_": "3.20480619865",
        "_CumPctRespBest_": "79.3333333333",
        "_CumPctResp_": "63.5619896065",
        "_CumRespBest_": "100",
        "_CumResp_": "80.1201549662",
        "_DataRole_": "TEST",
        "_Depth_": "25",
        "_Event_": "           1",
        "_GainBest_": "3",
        "_Gain_": "2.20480619865",
        "_LiftBest_": "0",
        "_Lift_": "1.86759918975",
        "_NEventsBest_": "0",
        "_NEvents_": "11.112215179",
        "_NObs_": "30",
        "_PartInd_": "2",
        "_PctRespBest_": "0",
        "_PctResp_": "37.0407172634",
        "_RespBest_": "0",
        "_Resp_": "9.33799594876",
        "_TargetName_": "BAD",
        "_Value_": "0.056813962124",
        "_formattedPartition_": "           2"
      },
      "rowNumber": 48
    },
    {
      "dataMap": {
        "_Column_": "P_BAD1",
        "_CumLiftBest_": "3.33333333333",
        "_CumLift_": "2.71184643122",
        "_CumPctRespBest_": "66.1111111111",
        "_CumPctResp_": "53.7849542193",
        "_CumRespBest_": "100",
        "_CumResp_": "81.3553929367",
        "_DataRole_": "TEST",
        "_Depth_": "30",
        "_Event_": "           1",
        "_GainBest_": "2.33333333333",
        "_Gain_": "1.71184643122",
        "_LiftBest_": "0",
        "_Lift_": "0.247047594093",
        "_NEventsBest_": "0",
        "_NEvents_": "1.46993318486",
        "_NObs_": "30",
        "_PartInd_": "2",
        "_PctRespBest_": "0",
        "_PctResp_": "4.89977728285",
        "_RespBest_": "0",
        "_Resp_": "1.23523797047",
        "_TargetName_": "BAD",
        "_Value_": "0.056813962124",
        "_formattedPartition_": "           2"
      },
      "rowNumber": 49
    },
    {
      "dataMap": {
        "_Column_": "P_BAD1",
        "_CumLiftBest_": "2.85714285714",
        "_CumLift_": "2.35973231163",
        "_CumPctRespBest_": "56.6666666667",
        "_CumPctResp_": "46.8013575141",
        "_CumRespBest_": "100",
        "_CumResp_": "82.5906309072",
        "_DataRole_": "TEST",
        "_Depth_": "35",
        "_Event_": "           1",
        "_GainBest_": "1.85714285714",
        "_Gain_": "1.35973231163",
        "_LiftBest_": "0",
        "_Lift_": "0.247047594093",
        "_NEventsBest_": "0",
        "_NEvents_": "1.46993318486",
        "_NObs_": "30",
        "_PartInd_": "2",
        "_PctRespBest_": "0",
        "_PctResp_": "4.89977728285",
        "_RespBest_": "0",
        "_Resp_": "1.23523797047",
        "_TargetName_": "BAD",
        "_Value_": "0.056813962124",
        "_formattedPartition_": "           2"
      },
      "rowNumber": 50
    },
    {
      "dataMap": {
        "_Column_": "P_BAD1",
        "_CumLiftBest_": "2.5",
        "_CumLift_": "2.09564672194",
        "_CumPctRespBest_": "49.5833333333",
        "_CumPctResp_": "41.5636599852",
        "_CumRespBest_": "100",
        "_CumResp_": "83.8258688776",
        "_DataRole_": "TEST",
        "_Depth_": "40",
        "_Event_": "           1",
        "_GainBest_": "1.5",
        "_Gain_": "1.09564672194",
        "_LiftBest_": "0",
        "_Lift_": "0.247047594093",
        "_NEventsBest_": "0",
        "_NEvents_": "1.46993318486",
        "_NObs_": "30",
        "_PartInd_": "2",
        "_PctRespBest_": "0",
        "_PctResp_": "4.89977728285",
        "_RespBest_": "0",
        "_Resp_": "1.23523797047",
        "_TargetName_": "BAD",
        "_Value_": "0.056813962124",
        "_formattedPartition_": "           2"
      },
      "rowNumber": 51
    },
    {
      "dataMap": {
        "_Column_": "P_BAD1",
        "_CumLiftBest_": "2.22222222222",
        "_CumLift_": "1.89024681885",
        "_CumPctRespBest_": "44.0740740741",
        "_CumPctResp_": "37.4898952405",
        "_CumRespBest_": "100",
        "_CumResp_": "85.0611068481",
        "_DataRole_": "TEST",
        "_Depth_": "45",
        "_Event_": "           1",
        "_GainBest_": "1.22222222222",
        "_Gain_": "0.890246818846",
        "_LiftBest_": "0",
        "_Lift_": "0.247047594093",
        "_NEventsBest_": "0",
        "_NEvents_": "1.46993318486",
        "_NObs_": "30",
        "_PartInd_": "2",
        "_PctRespBest_": "0",
        "_PctResp_": "4.89977728285",
        "_RespBest_": "0",
        "_Resp_": "1.23523797047",
        "_TargetName_": "BAD",
        "_Value_": "0.056813962124",
        "_formattedPartition_": "           2"
      },
      "rowNumber": 52
    },
    {
      "dataMap": {
        "_Column_": "P_BAD1",
        "_CumLiftBest_": "2",
        "_CumLift_": "1.72592689637",
        "_CumPctRespBest_": "39.6666666667",
        "_CumPctResp_": "34.2308834447",
        "_CumRespBest_": "100",
        "_CumResp_": "86.2963448186",
        "_DataRole_": "TEST",
        "_Depth_": "50",
        "_Event_": "           1",
        "_GainBest_": "1",
        "_Gain_": "0.725926896371",
        "_LiftBest_": "0",
        "_Lift_": "0.247047594093",
        "_NEventsBest_": "0",
        "_NEvents_": "1.46993318486",
        "_NObs_": "30",
        "_PartInd_": "2",
        "_PctRespBest_": "0",
        "_PctResp_": "4.89977728285",
        "_RespBest_": "0",
        "_Resp_": "1.23523797047",
        "_TargetName_": "BAD",
        "_Value_": "0.056813962124",
        "_formattedPartition_": "           2"
      },
      "rowNumber": 53
    },
    {
      "dataMap": {
        "_Column_": "P_BAD1",
        "_CumLiftBest_": "1.81818181818",
        "_CumLift_": "1.59148332344",
        "_CumPctRespBest_": "36.0606060606",
        "_CumPctResp_": "31.5644192482",
        "_CumRespBest_": "100",
        "_CumResp_": "87.531582789",
        "_DataRole_": "TEST",
        "_Depth_": "55",
        "_Event_": "           1",
        "_GainBest_": "0.818181818182",
        "_Gain_": "0.591483323437",
        "_LiftBest_": "0",
        "_Lift_": "0.247047594093",
        "_NEventsBest_": "0",
        "_NEvents_": "1.46993318486",
        "_NObs_": "30",
        "_PartInd_": "2",
        "_PctRespBest_": "0",
        "_PctResp_": "4.89977728285",
        "_RespBest_": "0",
        "_Resp_": "1.23523797047",
        "_TargetName_": "BAD",
        "_Value_": "0.056813962124",
        "_formattedPartition_": "           2"
      },
      "rowNumber": 54
    },
    {
      "dataMap": {
        "_Column_": "P_BAD1",
        "_CumLiftBest_": "1.66666666667",
        "_CumLift_": "1.47944701266",
        "_CumPctRespBest_": "33.0555555556",
        "_CumPctResp_": "29.3423657511",
        "_CumRespBest_": "100",
        "_CumResp_": "88.7668207595",
        "_DataRole_": "TEST",
        "_Depth_": "60",
        "_Event_": "           1",
        "_GainBest_": "0.666666666667",
        "_Gain_": "0.479447012658",
        "_LiftBest_": "0",
        "_Lift_": "0.247047594093",
        "_NEventsBest_": "0",
        "_NEvents_": "1.46993318486",
        "_NObs_": "30",
        "_PartInd_": "2",
        "_PctRespBest_": "0",
        "_PctResp_": "4.89977728285",
        "_RespBest_": "0",
        "_Resp_": "1.23523797047",
        "_TargetName_": "BAD",
        "_Value_": "0.056813962124",
        "_formattedPartition_": "           2"
      },
      "rowNumber": 55
    },
    {
      "dataMap": {
        "_Column_": "P_BAD1",
        "_CumLiftBest_": "1.53846153846",
        "_CumLift_": "1.38464705738",
        "_CumPctRespBest_": "30.5128205128",
        "_CumPctResp_": "27.4621666381",
        "_CumRespBest_": "100",
        "_CumResp_": "90.00205873",
        "_DataRole_": "TEST",
        "_Depth_": "65",
        "_Event_": "           1",
        "_GainBest_": "0.538461538462",
        "_Gain_": "0.384647057384",
        "_LiftBest_": "0",
        "_Lift_": "0.247047594093",
        "_NEventsBest_": "0",
        "_NEvents_": "1.46993318486",
        "_NObs_": "30",
        "_PartInd_": "2",
        "_PctRespBest_": "0",
        "_PctResp_": "4.89977728285",
        "_RespBest_": "0",
        "_Resp_": "1.23523797047",
        "_TargetName_": "BAD",
        "_Value_": "0.056813962124",
        "_formattedPartition_": "           2"
      },
      "rowNumber": 56
    },
    {
      "dataMap": {
        "_Column_": "P_BAD1",
        "_CumLiftBest_": "1.42857142857",
        "_CumLift_": "1.30338995286",
        "_CumPctRespBest_": "28.3333333333",
        "_CumPctResp_": "25.8505673985",
        "_CumRespBest_": "100",
        "_CumResp_": "91.2372967004",
        "_DataRole_": "TEST",
        "_Depth_": "70",
        "_Event_": "           1",
        "_GainBest_": "0.428571428571",
        "_Gain_": "0.303389952863",
        "_LiftBest_": "0",
        "_Lift_": "0.247047594093",
        "_NEventsBest_": "0",
        "_NEvents_": "1.46993318486",
        "_NObs_": "30",
        "_PartInd_": "2",
        "_PctRespBest_": "0",
        "_PctResp_": "4.89977728285",
        "_RespBest_": "0",
        "_Resp_": "1.23523797047",
        "_TargetName_": "BAD",
        "_Value_": "0.056813962124",
        "_formattedPartition_": "           2"
      },
      "rowNumber": 57
    },
    {
      "dataMap": {
        "_Column_": "P_BAD1",
        "_CumLiftBest_": "1.33333333333",
        "_CumLift_": "1.23296712895",
        "_CumPctRespBest_": "26.4444444444",
        "_CumPctResp_": "24.4538480574",
        "_CumRespBest_": "100",
        "_CumResp_": "92.4725346709",
        "_DataRole_": "TEST",
        "_Depth_": "75",
        "_Event_": "           1",
        "_GainBest_": "0.333333333333",
        "_Gain_": "0.232967128945",
        "_LiftBest_": "0",
        "_Lift_": "0.247047594093",
        "_NEventsBest_": "0",
        "_NEvents_": "1.46993318486",
        "_NObs_": "30",
        "_PartInd_": "2",
        "_PctRespBest_": "0",
        "_PctResp_": "4.89977728285",
        "_RespBest_": "0",
        "_Resp_": "1.23523797047",
        "_TargetName_": "BAD",
        "_Value_": "0.056813962124",
        "_formattedPartition_": "           2"
      },
      "rowNumber": 58
    },
    {
      "dataMap": {
        "_Column_": "P_BAD1",
        "_CumLiftBest_": "1.25",
        "_CumLift_": "1.17134715802",
        "_CumPctRespBest_": "24.7916666667",
        "_CumPctResp_": "23.231718634",
        "_CumRespBest_": "100",
        "_CumResp_": "93.7077726414",
        "_DataRole_": "TEST",
        "_Depth_": "80",
        "_Event_": "           1",
        "_GainBest_": "0.25",
        "_Gain_": "0.171347158017",
        "_LiftBest_": "0",
        "_Lift_": "0.247047594093",
        "_NEventsBest_": "0",
        "_NEvents_": "1.46993318486",
        "_NObs_": "30",
        "_PartInd_": "2",
        "_PctRespBest_": "0",
        "_PctResp_": "4.89977728285",
        "_RespBest_": "0",
        "_Resp_": "1.23523797047",
        "_TargetName_": "BAD",
        "_Value_": "0.056813962124",
        "_formattedPartition_": "           2"
      },
      "rowNumber": 59
    },
    {
      "dataMap": {
        "_Column_": "P_BAD1",
        "_CumLiftBest_": "1.17647058824",
        "_CumLift_": "1.11697659543",
        "_CumPctRespBest_": "23.3333333333",
        "_CumPctResp_": "22.1533691428",
        "_CumRespBest_": "100",
        "_CumResp_": "94.9430106118",
        "_DataRole_": "TEST",
        "_Depth_": "85",
        "_Event_": "           1",
        "_GainBest_": "0.176470588235",
        "_Gain_": "0.116976595433",
        "_LiftBest_": "0",
        "_Lift_": "0.247047594093",
        "_NEventsBest_": "0",
        "_NEvents_": "1.46993318486",
        "_NObs_": "30",
        "_PartInd_": "2",
        "_PctRespBest_": "0",
        "_PctResp_": "4.89977728285",
        "_RespBest_": "0",
        "_Resp_": "1.23523797047",
        "_TargetName_": "BAD",
        "_Value_": "0.056813962124",
        "_formattedPartition_": "           2"
      },
      "rowNumber": 60
    },
    {
      "dataMap": {
        "_Column_": "P_BAD1",
        "_CumLiftBest_": "1.11111111111",
        "_CumLift_": "1.06864720647",
        "_CumPctRespBest_": "22.037037037",
        "_CumPctResp_": "21.1948362617",
        "_CumRespBest_": "100",
        "_CumResp_": "96.1782485823",
        "_DataRole_": "TEST",
        "_Depth_": "90",
        "_Event_": "           1",
        "_GainBest_": "0.111111111111",
        "_Gain_": "0.0686472064698",
        "_LiftBest_": "0",
        "_Lift_": "0.247047594093",
        "_NEventsBest_": "0",
        "_NEvents_": "1.46993318486",
        "_NObs_": "30",
        "_PartInd_": "2",
        "_PctRespBest_": "0",
        "_PctResp_": "4.89977728285",
        "_RespBest_": "0",
        "_Resp_": "1.23523797047",
        "_TargetName_": "BAD",
        "_Value_": "0.056813962124",
        "_formattedPartition_": "           2"
      },
      "rowNumber": 61
    },
    {
      "dataMap": {
        "_Column_": "P_BAD1",
        "_CumLiftBest_": "1.05263157895",
        "_CumLift_": "1.02540512161",
        "_CumPctRespBest_": "20.8771929825",
        "_CumPctResp_": "20.3372015786",
        "_CumRespBest_": "100",
        "_CumResp_": "97.4134865528",
        "_DataRole_": "TEST",
        "_Depth_": "95",
        "_Event_": "           1",
        "_GainBest_": "0.0526315789474",
        "_Gain_": "0.0254051216079",
        "_LiftBest_": "0",
        "_Lift_": "0.247047594093",
        "_NEventsBest_": "0",
        "_NEvents_": "1.46993318486",
        "_NObs_": "30",
        "_PartInd_": "2",
        "_PctRespBest_": "0",
        "_PctResp_": "4.89977728285",
        "_RespBest_": "0",
        "_Resp_": "1.23523797047",
        "_TargetName_": "BAD",
        "_Value_": "0.056813962124",
        "_formattedPartition_": "           2"
      },
      "rowNumber": 62
    },
    {
      "dataMap": {
        "_Column_": "P_BAD1",
        "_CumLiftBest_": "1",
        "_CumLift_": "1",
        "_CumPctRespBest_": "19.966442953",
        "_CumPctResp_": "19.966442953",
        "_CumRespBest_": "100",
        "_CumResp_": "100",
        "_DataRole_": "TEST",
        "_Depth_": "100",
        "_Event_": "           1",
        "_GainBest_": "0",
        "_Gain_": "2.22044604925e-16",
        "_LiftBest_": "0",
        "_Lift_": "0.51730268945",
        "_NEventsBest_": "0",
        "_NEvents_": "3.07795100223",
        "_NObs_": "26",
        "_PartInd_": "2",
        "_PctRespBest_": "0",
        "_PctResp_": "11.8382730855",
        "_RespBest_": "0",
        "_Resp_": "2.58651344725",
        "_TargetName_": "BAD",
        "_Value_": "0.04",
        "_formattedPartition_": "           2"
      },
      "rowNumber": 63
    }
  ],
  "xInteger": false,
  "yInteger": false
}