{
  "creationTimeStamp": "0001-01-01T00:00:00Z",
  "modifiedTimeStamp": "0001-01-01T00:00:00Z",
  "revision": 0,
  "name": "dmcas_miscTable",
  "version": 0,
  "order": 0,
  "parameterMap": {
    "_Cutoff_": {
      "label": "Cutoff",
      "length": 8,
      "order": 1,
      "parameter": "_Cutoff_",
      "preformatted": false,
      "type": "num",
      "values": [
        "_Cutoff_"
      ]
    },
    "_Event_": {
      "label": "Event",
      "length": 256,
      "order": 5,
      "parameter": "_Event_",
      "preformatted": false,
      "type": "char",
      "values": [
        "_Event_"
      ]
    },
    "_Response_": {
      "label": "Response",
      "length": 10,
      "order": 4,
      "parameter": "_Response_",
      "preformatted": false,
      "type": "char",
      "values": [
        "_Response_"
      ]
    },
    "_TestCount_": {
      "label": "Test Frequency",
      "length": 8,
      "order": 9,
      "parameter": "_TestCount_",
      "preformatted": false,
      "type": "num",
      "values": [
        "_TestCount_"
      ]
    },
    "_TestPct_": {
      "label": "Test Percentage",
      "length": 8,
      "order": 12,
      "parameter": "_TestPct_",
      "preformatted": false,
      "type": "num",
      "values": [
        "_TestPct_"
      ]
    },
    "_TrainCount_": {
      "label": "Training Frequency",
      "length": 8,
      "order": 7,
      "parameter": "_TrainCount_",
      "preformatted": false,
      "type": "num",
      "values": [
        "_TrainCount_"
      ]
    },
    "_TrainPct_": {
      "label": "Training Percentage",
      "length": 8,
      "order": 10,
      "parameter": "_TrainPct_",
      "preformatted": false,
      "type": "num",
      "values": [
        "_TrainPct_"
      ]
    },
    "_ValidateCount_": {
      "label": "Validation Frequency",
      "length": 8,
      "order": 8,
      "parameter": "_ValidateCount_",
      "preformatted": false,
      "type": "num",
      "values": [
        "_ValidateCount_"
      ]
    },
    "_ValidatePct_": {
      "label": "Validation Percentage",
      "length": 8,
      "order": 11,
      "parameter": "_ValidatePct_",
      "preformatted": false,
      "type": "num",
      "values": [
        "_ValidatePct_"
      ]
    },
    "_Value_": {
      "label": "Value",
      "length": 16,
      "order": 6,
      "parameter": "_Value_",
      "preformatted": false,
      "type": "char",
      "values": [
        "_Value_"
      ]
    },
    "_cutoffSource_": {
      "label": "Cutoff Source",
      "length": 8,
      "order": 2,
      "parameter": "_cutoffSource_",
      "preformatted": false,
      "type": "char",
      "values": [
        "_cutoffSource_"
      ]
    },
    "_targetName_": {
      "label": "Target Name",
      "length": 256,
      "order": 3,
      "parameter": "_targetName_",
      "preformatted": false,
      "type": "char",
      "values": [
        "_targetName_"
      ]
    }
  },
  "data": [
    {
      "dataMap": {
        "_Cutoff_": "0.06",
        "_Event_": "           1",
        "_Response_": "CORRECT",
        "_TestCount_": null,
        "_TestPct_": null,
        "_TrainCount_": null,
        "_TrainPct_": null,
        "_ValidateCount_": "276",
        "_ValidatePct_": "77.3109243697",
        "_Value_": "True Positive",
        "_cutoffSource_": "KS",
        "_targetName_": "BAD"
      },
      "rowNumber": 1
    },
    {
      "dataMap": {
        "_Cutoff_": "0.06",
        "_Event_": "           1",
        "_Response_": "INCORRECT",
        "_TestCount_": null,
        "_TestPct_": null,
        "_TrainCount_": null,
        "_TrainPct_": null,
        "_ValidateCount_": "81",
        "_ValidatePct_": "22.6890756303",
        "_Value_": "False Negative",
        "_cutoffSource_": "KS",
        "_targetName_": "BAD"
      },
      "rowNumber": 2
    },
    {
      "dataMap": {
        "_Cutoff_": "0.06",
        "_Event_": "           0",
        "_Response_": "CORRECT",
        "_TestCount_": null,
        "_TestPct_": null,
        "_TrainCount_": null,
        "_TrainPct_": null,
        "_ValidateCount_": "1261",
        "_ValidatePct_": "88.1201956674",
        "_Value_": "True Negative",
        "_cutoffSource_": "KS",
        "_targetName_": "BAD"
      },
      "rowNumber": 3
    },
    {
      "dataMap": {
        "_Cutoff_": "0.06",
        "_Event_": "           0",
        "_Response_": "INCORRECT",
        "_TestCount_": null,
        "_TestPct_": null,
        "_TrainCount_": null,
        "_TrainPct_": null,
        "_ValidateCount_": "170",
        "_ValidatePct_": "11.8798043326",
        "_Value_": "False Positive",
        "_cutoffSource_": "KS",
        "_targetName_": "BAD"
      },
      "rowNumber": 4
    },
    {
      "dataMap": {
        "_Cutoff_": "0.19",
        "_Event_": "           1",
        "_Response_": "CORRECT",
        "_TestCount_": null,
        "_TestPct_": null,
        "_TrainCount_": "555",
        "_TrainPct_": "77.840112202",
        "_ValidateCount_": null,
        "_ValidatePct_": null,
        "_Value_": "True Positive",
        "_cutoffSource_": "KS",
        "_targetName_": "BAD"
      },
      "rowNumber": 5
    },
    {
      "dataMap": {
        "_Cutoff_": "0.19",
        "_Event_": "           1",
        "_Response_": "INCORRECT",
        "_TestCount_": null,
        "_TestPct_": null,
        "_TrainCount_": "158",
        "_TrainPct_": "22.159887798",
        "_ValidateCount_": null,
        "_ValidatePct_": null,
        "_Value_": "False Negative",
        "_cutoffSource_": "KS",
        "_targetName_": "BAD"
      },
      "rowNumber": 6
    },
    {
      "dataMap": {
        "_Cutoff_": "0.19",
        "_Event_": "           0",
        "_Response_": "CORRECT",
        "_TestCount_": null,
        "_TestPct_": null,
        "_TrainCount_": "2582",
        "_TrainPct_": "90.185120503",
        "_ValidateCount_": null,
        "_ValidatePct_": null,
        "_Value_": "True Negative",
        "_cutoffSource_": "KS",
        "_targetName_": "BAD"
      },
      "rowNumber": 7
    },
    {
      "dataMap": {
        "_Cutoff_": "0.19",
        "_Event_": "           0",
        "_Response_": "INCORRECT",
        "_TestCount_": null,
        "_TestPct_": null,
        "_TrainCount_": "281",
        "_TrainPct_": "9.81487949703",
        "_ValidateCount_": null,
        "_ValidatePct_": null,
        "_Value_": "False Positive",
        "_cutoffSource_": "KS",
        "_targetName_": "BAD"
      },
      "rowNumber": 8
    },
    {
      "dataMap": {
        "_Cutoff_": "0.26",
        "_Event_": "           1",
        "_Response_": "CORRECT",
        "_TestCount_": "95",
        "_TestPct_": "79.8319327731",
        "_TrainCount_": null,
        "_TrainPct_": null,
        "_ValidateCount_": null,
        "_ValidatePct_": null,
        "_Value_": "True Positive",
        "_cutoffSource_": "KS",
        "_targetName_": "BAD"
      },
      "rowNumber": 9
    },
    {
      "dataMap": {
        "_Cutoff_": "0.26",
        "_Event_": "           1",
        "_Response_": "INCORRECT",
        "_TestCount_": "24",
        "_TestPct_": "20.1680672269",
        "_TrainCount_": null,
        "_TrainPct_": null,
        "_ValidateCount_": null,
        "_ValidatePct_": null,
        "_Value_": "False Negative",
        "_cutoffSource_": "KS",
        "_targetName_": "BAD"
      },
      "rowNumber": 10
    },
    {
      "dataMap": {
        "_Cutoff_": "0.26",
        "_Event_": "           0",
        "_Response_": "CORRECT",
        "_TestCount_": "432",
        "_TestPct_": "90.5660377358",
        "_TrainCount_": null,
        "_TrainPct_": null,
        "_ValidateCount_": null,
        "_ValidatePct_": null,
        "_Value_": "True Negative",
        "_cutoffSource_": "KS",
        "_targetName_": "BAD"
      },
      "rowNumber": 11
    },
    {
      "dataMap": {
        "_Cutoff_": "0.26",
        "_Event_": "           0",
        "_Response_": "INCORRECT",
        "_TestCount_": "45",
        "_TestPct_": "9.43396226415",
        "_TrainCount_": null,
        "_TrainPct_": null,
        "_ValidateCount_": null,
        "_ValidatePct_": null,
        "_Value_": "False Positive",
        "_cutoffSource_": "KS",
        "_targetName_": "BAD"
      },
      "rowNumber": 12
    },
    {
      "dataMap": {
        "_Cutoff_": "0.5",
        "_Event_": "           1",
        "_Response_": "CORRECT",
        "_TestCount_": "60",
        "_TestPct_": "50.4201680672",
        "_TrainCount_": "396",
        "_TrainPct_": "55.5399719495",
        "_ValidateCount_": "177",
        "_ValidatePct_": "49.5798319328",
        "_Value_": "True Positive",
        "_cutoffSource_": "Default",
        "_targetName_": "BAD"
      },
      "rowNumber": 13
    },
    {
      "dataMap": {
        "_Cutoff_": "0.5",
        "_Event_": "           1",
        "_Response_": "INCORRECT",
        "_TestCount_": "59",
        "_TestPct_": "49.5798319328",
        "_TrainCount_": "317",
        "_TrainPct_": "44.4600280505",
        "_ValidateCount_": "180",
        "_ValidatePct_": "50.4201680672",
        "_Value_": "False Negative",
        "_cutoffSource_": "Default",
        "_targetName_": "BAD"
      },
      "rowNumber": 14
    },
    {
      "dataMap": {
        "_Cutoff_": "0.5",
        "_Event_": "           0",
        "_Response_": "CORRECT",
        "_TestCount_": "462",
        "_TestPct_": "96.8553459119",
        "_TrainCount_": "2800",
        "_TrainPct_": "97.7995110024",
        "_ValidateCount_": "1387",
        "_ValidatePct_": "96.9252271139",
        "_Value_": "True Negative",
        "_cutoffSource_": "Default",
        "_targetName_": "BAD"
      },
      "rowNumber": 15
    },
    {
      "dataMap": {
        "_Cutoff_": "0.5",
        "_Event_": "           0",
        "_Response_": "INCORRECT",
        "_TestCount_": "15",
        "_TestPct_": "3.14465408805",
        "_TrainCount_": "63",
        "_TrainPct_": "2.20048899756",
        "_ValidateCount_": "44",
        "_ValidatePct_": "3.07477288609",
        "_Value_": "False Positive",
        "_cutoffSource_": "Default",
        "_targetName_": "BAD"
      },
      "rowNumber": 16
    }
  ],
  "xInteger": false,
  "yInteger": false
}