{
  "creationTimeStamp": "0001-01-01T00:00:00Z",
  "modifiedTimeStamp": "0001-01-01T00:00:00Z",
  "revision": 0,
  "name": "dmcas_fitstat",
  "version": 0,
  "order": 0,
  "parameterMap": {
    "_ASE_": {
      "label": "Average Squared Error",
      "length": 8,
      "order": 6,
      "parameter": "_ASE_",
      "preformatted": false,
      "type": "num",
      "values": [
        "_ASE_"
      ]
    },
    "_C_": {
      "label": "Area Under ROC",
      "length": 8,
      "order": 12,
      "parameter": "_C_",
      "preformatted": false,
      "type": "num",
      "values": [
        "_C_"
      ]
    },
    "_DIV_": {
      "label": "Divisor for ASE",
      "length": 8,
      "order": 7,
      "parameter": "_DIV_",
      "preformatted": false,
      "type": "num",
      "values": [
        "_DIV_"
      ]
    },
    "_DataRole_": {
      "label": "Data Role",
      "length": 10,
      "order": 2,
      "parameter": "_DataRole_",
      "preformatted": false,
      "type": "char",
      "values": [
        "_DataRole_"
      ]
    },
    "_GAMMA_": {
      "label": "Gamma",
      "length": 8,
      "order": 14,
      "parameter": "_GAMMA_",
      "preformatted": false,
      "type": "num",
      "values": [
        "_GAMMA_"
      ]
    },
    "_GINI_": {
      "label": "Gini Coefficient",
      "length": 8,
      "order": 13,
      "parameter": "_GINI_",
      "preformatted": false,
      "type": "num",
      "values": [
        "_GINI_"
      ]
    },
    "_KSCut_": {
      "label": "KS Cutoff",
      "length": 8,
      "order": 16,
      "parameter": "_KSCut_",
      "preformatted": false,
      "type": "num",
      "values": [
        "_KSCut_"
      ]
    },
    "_KSPostCutoff_": {
      "label": "KS at User-Specified Cutoff",
      "length": 8,
      "order": 17,
      "parameter": "_KSPostCutoff_",
      "preformatted": false,
      "type": "num",
      "values": [
        "_KSPostCutoff_"
      ]
    },
    "_KS_": {
      "label": "KS (Youden)",
      "length": 8,
      "order": 11,
      "parameter": "_KS_",
      "preformatted": false,
      "type": "num",
      "values": [
        "_KS_"
      ]
    },
    "_MCE_": {
      "label": "Misclassification Rate",
      "length": 8,
      "order": 9,
      "parameter": "_MCE_",
      "preformatted": false,
      "type": "num",
      "values": [
        "_MCE_"
      ]
    },
    "_MCLL_": {
      "label": "Multi-Class Log Loss",
      "length": 8,
      "order": 10,
      "parameter": "_MCLL_",
      "preformatted": false,
      "type": "num",
      "values": [
        "_MCLL_"
      ]
    },
    "_NObs_": {
      "label": "Number of Observations",
      "length": 8,
      "order": 5,
      "parameter": "_NObs_",
      "preformatted": false,
      "type": "num",
      "values": [
        "_NObs_"
      ]
    },
    "_PartInd_": {
      "label": "Partition Indicator",
      "length": 8,
      "order": 3,
      "parameter": "_PartInd_",
      "preformatted": false,
      "type": "num",
      "values": [
        "_PartInd_"
      ]
    },
    "_RASE_": {
      "label": "Root Average Squared Error",
      "length": 8,
      "order": 8,
      "parameter": "_RASE_",
      "preformatted": false,
      "type": "num",
      "values": [
        "_RASE_"
      ]
    },
    "_TAU_": {
      "label": "Tau",
      "length": 8,
      "order": 15,
      "parameter": "_TAU_",
      "preformatted": false,
      "type": "num",
      "values": [
        "_TAU_"
      ]
    },
    "_TargetName_": {
      "label": "Target Name",
      "length": 3,
      "order": 1,
      "parameter": "_TargetName_",
      "preformatted": false,
      "type": "char",
      "values": [
        "_TargetName_"
      ]
    },
    "_formattedPartition_": {
      "label": "Formatted Partition",
      "length": 12,
      "order": 4,
      "parameter": "_formattedPartition_",
      "preformatted": false,
      "type": "char",
      "values": [
        "_formattedPartition_"
      ]
    },
    "_miscEvent_": {
      "label": "Misclassification Rate (Event)",
      "length": 8,
      "order": 19,
      "parameter": "_miscEvent_",
      "preformatted": false,
      "type": "num",
      "values": [
        "_miscEvent_"
      ]
    },
    "_miscKs_": {
      "label": "Misclassification Rate at KS Cutoff (Event)",
      "length": 8,
      "order": 18,
      "parameter": "_miscKs_",
      "preformatted": false,
      "type": "num",
      "values": [
        "_miscKs_"
      ]
    }
  },
  "data": [
    {
      "dataMap": {
        "_ASE_": "0.0861418148297",
        "_C_": "0.858191075172",
        "_DIV_": "596",
        "_DataRole_": "TEST",
        "_GAMMA_": "0.881891129907",
        "_GINI_": "0.716382150344",
        "_KSCut_": "0.26",
        "_KSPostCutoff_": "0.4727551398",
        "_KS_": "0.70397970509",
        "_MCE_": "0.124161073826",
        "_MCLL_": "0.295557809797",
        "_NObs_": "596",
        "_PartInd_": "2",
        "_RASE_": "0.293499258653",
        "_TAU_": "0.229338446788",
        "_TargetName_": "BAD",
        "_formattedPartition_": "           2",
        "_miscEvent_": "0.1241610738",
        "_miscKs_": "0.1157718121"
      },
      "rowNumber": 1
    },
    {
      "dataMap": {
        "_ASE_": "0.081436612058",
        "_C_": "0.86336652919",
        "_DIV_": "3576",
        "_DataRole_": "TRAIN",
        "_GAMMA_": "0.919879903566",
        "_GINI_": "0.72673305838",
        "_KSCut_": "0.19",
        "_KSPostCutoff_": "0.5333948295",
        "_KS_": "0.680252327049",
        "_MCE_": "0.106263982103",
        "_MCLL_": "0.285375356744",
        "_NObs_": "3576",
        "_PartInd_": "1",
        "_RASE_": "0.285371007739",
        "_TAU_": "0.23208241423",
        "_TargetName_": "BAD",
        "_formattedPartition_": "           1",
        "_miscEvent_": "0.1062639821",
        "_miscKs_": "0.1227628635"
      },
      "rowNumber": 2
    },
    {
      "dataMap": {
        "_ASE_": "0.0930824601325",
        "_C_": "0.846875997079",
        "_DIV_": "1788",
        "_DataRole_": "VALIDATE",
        "_GAMMA_": "0.890738371757",
        "_GINI_": "0.693751994159",
        "_KSCut_": "0.06",
        "_KSPostCutoff_": "0.4650505905",
        "_KS_": "0.654311200371",
        "_MCE_": "0.125279642058",
        "_MCLL_": "0.350400664576",
        "_NObs_": "1788",
        "_PartInd_": "0",
        "_RASE_": "0.305094182397",
        "_TAU_": "0.221845193161",
        "_TargetName_": "BAD",
        "_formattedPartition_": "           0",
        "_miscEvent_": "0.1252796421",
        "_miscKs_": "0.1403803132"
      },
      "rowNumber": 3
    }
  ],
  "xInteger": false,
  "yInteger": false
}