{
   "creationTimeStamp": "2024-08-16T15:50:04.342Z",
   "createdBy": "edmdev",
   "modifiedTimeStamp": "2024-08-21T17:27:31.825Z",
   "modifiedBy": "edmdev",
   "id": "3a892b66-947b-4264-ab2b-11966d63cdbe",
   "name": "Decision Tree (Pipeline 1)",
   "scoreCodeType": "ds2MultiType",
   "algorithm": "tree",
   "function": "classification",
   "modeler": "edmdev",
   "modelType": "astore",
   "trainTable": "/dataTables/dataSources/cas~fs~cas-shared-default~fs~Public/tables/HMEQ%201",
   "eventProbVar": "P_BAD1",
   "targetVariable": "BAD",
   "targetEvent": "1",
   "targetLevel": "binary",
   "tool": "Model Studio",
   "toolVersion": "V2024.06",
   "publishTimeStamp": 1724261249057,
   "externalModelId": "ca1621cd-8808-4435-aac0-0b46ecbe8d37",
   "selectionStatistic": "_KS_",
   "selectionStatisticValue": "0.70397970509",
   "partitionLevel": "test",
   "eventPercentage": "19.9497",
   "modelVersionName": "2.0",
   "custom properties": []
}