{
  "creationTimeStamp": "0001-01-01T00:00:00Z",
  "modifiedTimeStamp": "0001-01-01T00:00:00Z",
  "revision": 0,
  "name": "varimportance",
  "version": 0,
  "order": 0,
  "parameterMap": {
    "Count": {
      "label": "Count",
      "length": 8,
      "order": 4,
      "parameter": "Count",
      "preformatted": false,
      "type": "num",
      "values": [
        "Count"
      ]
    },
    "LABEL": {
      "label": "Variable Label",
      "length": 256,
      "order": 1,
      "parameter": "LABEL",
      "preformatted": false,
      "type": "char",
      "values": [
        "LABEL"
      ]
    },
    "ROLE": {
      "label": "Role",
      "length": 32,
      "order": 2,
      "parameter": "ROLE",
      "preformatted": false,
      "type": "char",
      "values": [
        "ROLE"
      ]
    },
    "RelativeImportance": {
      "label": "Relative Importance",
      "length": 8,
      "order": 6,
      "parameter": "RelativeImportance",
      "preformatted": false,
      "type": "num",
      "values": [
        "RelativeImportance"
      ]
    },
    "VImportance": {
      "label": "Validation Importance",
      "length": 8,
      "order": 5,
      "parameter": "VImportance",
      "preformatted": false,
      "type": "num",
      "values": [
        "VImportance"
      ]
    },
    "Variable": {
      "label": "Variable Name",
      "length": 7,
      "order": 3,
      "parameter": "Variable",
      "preformatted": false,
      "type": "char",
      "values": [
        "Variable"
      ]
    }
  },
  "data": [
    {
      "dataMap": {
        "Count": "2",
        "LABEL": "",
        "ROLE": "INPUT",
        "RelativeImportance": "1",
        "VImportance": "191.586530741",
        "Variable": "DEBTINC"
      },
      "rowNumber": 1
    },
    {
      "dataMap": {
        "Count": "2",
        "LABEL": "",
        "ROLE": "INPUT",
        "RelativeImportance": "0.0719828690659",
        "VImportance": "13.7909481571",
        "Variable": "VALUE"
      },
      "rowNumber": 2
    },
    {
      "dataMap": {
        "Count": "3",
        "LABEL": "",
        "ROLE": "INPUT",
        "RelativeImportance": "0.0562095085894",
        "VImportance": "10.7689847453",
        "Variable": "DEROG"
      },
      "rowNumber": 3
    },
    {
      "dataMap": {
        "Count": "3",
        "LABEL": "",
        "ROLE": "INPUT",
        "RelativeImportance": "0.0386888952138",
        "VImportance": "7.4122712122",
        "Variable": "CLNO"
      },
      "rowNumber": 4
    },
    {
      "dataMap": {
        "Count": "3",
        "LABEL": "",
        "ROLE": "INPUT",
        "RelativeImportance": "0.037894468838",
        "VImportance": "7.26006981893",
        "Variable": "DELINQ"
      },
      "rowNumber": 5
    },
    {
      "dataMap": {
        "Count": "1",
        "LABEL": "",
        "ROLE": "INPUT",
        "RelativeImportance": "0.0313331003844",
        "VImportance": "6.003",
        "Variable": "MORTDUE"
      },
      "rowNumber": 6
    },
    {
      "dataMap": {
        "Count": "1",
        "LABEL": "",
        "ROLE": "INPUT",
        "RelativeImportance": "0.0136945128915",
        "VImportance": "2.62368421507",
        "Variable": "NINQ"
      },
      "rowNumber": 7
    },
    {
      "dataMap": {
        "Count": "1",
        "LABEL": "",
        "ROLE": "INPUT",
        "RelativeImportance": "0.00534136919264",
        "VImportance": "1.02333439302",
        "Variable": "CLAGE"
      },
      "rowNumber": 8
    },
    {
      "dataMap": {
        "Count": "1",
        "LABEL": "",
        "ROLE": "INPUT",
        "RelativeImportance": "-0.00987451336663",
        "VImportance": "-1.89182375867",
        "Variable": "JOB"
      },
      "rowNumber": 9
    }
  ],
  "xInteger": false,
  "yInteger": false
}