{
   "creationTimeStamp": "2023-11-30T18:33:25.875Z",
   "createdBy": "edmdev",
   "modifiedTimeStamp": "2023-11-30T18:33:34.254Z",
   "modifiedBy": "sasdemo",
   "id": "6f1de5bc-a94c-45b0-aefd-affb9e0bfcdc",
   "name": "QS_Reg1",
   "description": "Logistic Regression",
   "scoreCodeType": "dataStep",
   "algorithm": "logisticreg",
   "function": "classification",
   "modeler": "sasdemo",
   "modelType": "dataStep",
   "trainTable": "/dataTables/dataSources/cas~fs~cas-shared-default~fs~Public/tables/HMEQ_TRAIN",
   "eventProbVar": "EM_EVENTPROBABILITY",
   "targetVariable": "BAD",
   "targetEvent": "1",
   "targetLevel": "binary",
   "tool": "Model Studio",
   "toolVersion": "8.3",
   "externalModelId": "407fbf89-7085-49c3-811a-7f5d912e4676",
   "modelVersionName": "1.0",
   "custom properties": []
}