{
   "creationTimeStamp": "2023-10-17T15:03:24.250Z",
   "createdBy": "edmdev",
   "modifiedTimeStamp": "2023-10-17T15:21:16.733Z",
   "modifiedBy": "edmdev",
   "id": "be662b72-984d-488e-ba1b-cc589db831ab",
   "name": "QS_Tree1",
   "description": "Decision Tree",
   "scoreCodeType": "dataStep",
   "algorithm": "tree",
   "function": "classification",
   "modeler": "sasdemo",
   "modelType": "dataStep",
   "trainTable": "/dataTables/dataSources/cas~fs~cas-shared-default~fs~Public/tables/HMEQ_TRAIN",
   "eventProbVar": "EM_EVENTPROBABILITY",
   "targetVariable": "BAD",
   "targetEvent": "1",
   "targetLevel": "binary",
   "tool": "Model Studio",
   "toolVersion": "8.3",
   "publishTimeStamp": 1697555575268,
   "externalModelId": "0895f86a-dff5-4b5e-ab40-f7a53f476979",
   "modelVersionName": "5.0",
   "custom properties": []
}