{
   "creationTimeStamp": "2024-01-11T21:18:41.720Z",
   "createdBy": "edmdev",
   "modifiedTimeStamp": "2024-01-11T21:18:44.675Z",
   "modifiedBy": "edmdev",
   "id": "9b3bc29c-1fb0-4bbb-85fd-0682bd4a7183",
   "name": "QS_Reg_PyModel_Updated",
   "description": "Home Equity Loan Logistic model. Multinomial Logistic Model MNLogit : BAD = const + JOB_Mgr + JOB_Office + JOB_Other + JOB_ProfExe + JOB_Sales + REASON_DebtCon + CLAGE + CLNO + DEBTINC + DELINQ + DEROG + NINQ + YOJ",
   "scoreCodeType": "python",
   "algorithm": "logisticreg",
   "function": "classification",
   "modeler": "sasdemo",
   "modelType": "python",
   "trainCodeType": "python",
   "trainTable": " ",
   "eventProbVar": "EM_EVENTPROBABILITY",
   "targetVariable": "BAD",
   "targetEvent": "1",
   "targetLevel": "binary",
   "tool": "Python 3",
   "toolVersion": "3.7.6",
   "publishTimeStamp": 1701421996882,
   "modelVersionName": "1.0",
   "custom properties": []
}