{
   "creationTimeStamp": "2024-01-05T17:56:56.445Z",
   "createdBy": "edmdev",
   "modifiedTimeStamp": "2024-01-05T18:04:17.647Z",
   "modifiedBy": "edmdev",
   "id": "1f16ce1e-8462-4c76-9135-c4d4c9be3079",
   "name": "QS_Tree1",
   "description": "Decision Tree",
   "scoreCodeType": "dataStep",
   "algorithm": "tree",
   "function": "classification",
   "modeler": "sasdemo",
   "modelType": "dataStep",
   "trainTable": "/dataTables/dataSources/cas~fs~cas-shared-default~fs~Public/tables/HMEQ_TRAIN",
   "eventProbVar": "EM_EVENTPROBABILITY",
   "targetVariable": "BAD",
   "targetEvent": "1",
   "targetLevel": "binary",
   "tool": "Model Studio",
   "toolVersion": "8.3",
   "publishTimeStamp": 1704477852396,
   "externalModelId": "0895f86a-dff5-4b5e-ab40-f7a53f476979",
   "modelVersionName": "2.0",
   "custom properties": []
}