{
   "creationTimeStamp": "2023-12-07T15:02:06.223Z",
   "createdBy": "edmdev",
   "modifiedTimeStamp": "2023-12-07T15:40:11.300Z",
   "modifiedBy": "edmdev",
   "id": "54224a3f-541f-43f4-bdc1-73b7778877e4",
   "name": "QS_Tree1",
   "description": "Decision Tree",
   "scoreCodeType": "dataStep",
   "algorithm": "tree",
   "function": "classification",
   "modeler": "sasdemo",
   "modelType": "dataStep",
   "trainTable": "/dataTables/dataSources/cas~fs~cas-shared-default~fs~Public/tables/HMEQ_TRAIN",
   "eventProbVar": "EM_EVENTPROBABILITY",
   "targetVariable": "BAD",
   "targetEvent": "1",
   "targetLevel": "binary",
   "tool": "Model Studio",
   "toolVersion": "8.3",
   "publishTimeStamp": 1701963605711,
   "externalModelId": "0895f86a-dff5-4b5e-ab40-f7a53f476979",
   "modelVersionName": "3.0",
   "custom properties": []
}