{
   "creationTimeStamp": "2023-11-21T18:39:17.959Z",
   "createdBy": "edmdev",
   "modifiedTimeStamp": "2023-11-30T15:08:53.686Z",
   "modifiedBy": "edmdev",
   "id": "86764814-3d8f-4045-a92f-c9a26742922c",
   "name": "QS_Tree1",
   "description": "Decision Tree",
   "scoreCodeType": "dataStep",
   "algorithm": "tree",
   "function": "classification",
   "modeler": "sasdemo",
   "modelType": "dataStep",
   "trainTable": "/dataTables/dataSources/cas~fs~cas-shared-default~fs~Public/tables/HMEQ_TRAIN",
   "eventProbVar": "EM_EVENTPROBABILITY",
   "targetVariable": "BAD",
   "targetEvent": "1",
   "targetLevel": "binary",
   "tool": "Model Studio",
   "toolVersion": "8.3",
   "publishTimeStamp": 1701356929125,
   "externalModelId": "0895f86a-dff5-4b5e-ab40-f7a53f476979",
   "modelVersionName": "14.0",
   "custom properties": []
}