{
   "creationTimeStamp": "2024-01-19T14:42:08.459Z",
   "createdBy": "edmdev",
   "modifiedTimeStamp": "2024-01-19T14:42:14.523Z",
   "modifiedBy": "sasdemo",
   "id": "addc8726-7450-4189-afe0-877796e874b6",
   "name": "QS_Reg1",
   "description": "Logistic Regression",
   "scoreCodeType": "dataStep",
   "algorithm": "logisticreg",
   "function": "classification",
   "modeler": "sasdemo",
   "modelType": "dataStep",
   "trainTable": "/dataTables/dataSources/cas~fs~cas-shared-default~fs~Public/tables/HMEQ_TRAIN",
   "eventProbVar": "EM_EVENTPROBABILITY",
   "targetVariable": "BAD",
   "targetEvent": "1",
   "targetLevel": "binary",
   "tool": "Model Studio",
   "toolVersion": "8.3",
   "externalModelId": "407fbf89-7085-49c3-811a-7f5d912e4676",
   "modelVersionName": "1.0",
   "custom properties": []
}