{
  "creationTimeStamp" : null,
  "modifiedTimeStamp" : null,
  "createdBy" : null,
  "modifiedBy" : null,
  "id" : null,
  "name" : "dmcas_scoreoutputs",
  "description" : null,
  "revision" : 0,
  "groupName" : null,
  "order" : 0,
  "type" : null,
  "parameterMap" : {
    "ROLE" : {
      "parameter" : "ROLE",
      "type" : "char",
      "label" : "Role",
      "length" : 32,
      "order" : 2,
      "values" : [ "ROLE" ],
      "preformatted" : false
    },
    "FORMAT" : {
      "parameter" : "FORMAT",
      "type" : "char",
      "label" : "Variable Format",
      "length" : 36,
      "order" : 5,
      "values" : [ "FORMAT" ],
      "preformatted" : false
    },
    "CREATOR" : {
      "parameter" : "CREATOR",
      "type" : "char",
      "label" : "Creator",
      "length" : 256,
      "order" : 7,
      "values" : [ "CREATOR" ],
      "preformatted" : false
    },
    "LENGTH" : {
      "parameter" : "LENGTH",
      "type" : "num",
      "label" : "Variable Length",
      "length" : 8,
      "order" : 6,
      "values" : [ "LENGTH" ],
      "preformatted" : false
    },
    "CREATORGUID" : {
      "parameter" : "CREATORGUID",
      "type" : "char",
      "label" : "Creator GUID",
      "length" : 36,
      "order" : 9,
      "values" : [ "CREATORGUID" ],
      "preformatted" : false
    },
    "VARTYPE" : {
      "parameter" : "VARTYPE",
      "type" : "char",
      "label" : "Variable Type",
      "length" : 32,
      "order" : 4,
      "values" : [ "VARTYPE" ],
      "preformatted" : false
    },
    "TYPE" : {
      "parameter" : "TYPE",
      "type" : "char",
      "label" : "Type",
      "length" : 1,
      "order" : 3,
      "values" : [ "TYPE" ],
      "preformatted" : false
    },
    "FUNCTION" : {
      "parameter" : "FUNCTION",
      "type" : "char",
      "label" : "Function",
      "length" : 32,
      "order" : 8,
      "values" : [ "FUNCTION" ],
      "preformatted" : false
    },
    "NAME" : {
      "parameter" : "NAME",
      "type" : "char",
      "label" : "Name",
      "length" : 256,
      "order" : 1,
      "values" : [ "NAME" ],
      "preformatted" : false
    }
  },
  "data" : [ {
    "dataMap" : {
      "ROLE" : "CLASSIFICATION",
      "FORMAT" : "",
      "CREATOR" : "logisticreg",
      "LENGTH" : "1",
      "CREATORGUID" : "407fbf89-7085-49c3-811a-7f5d912e4676",
      "VARTYPE" : "",
      "TYPE" : "C",
      "FUNCTION" : "CLASSIFICATION",
      "NAME" : "EM_CLASSIFICATION"
    },
    "rowNumber" : 1,
    "header" : null
  }, {
    "dataMap" : {
      "ROLE" : "PREDICT",
      "FORMAT" : "",
      "CREATOR" : "logisticreg",
      "LENGTH" : "8",
      "CREATORGUID" : "407fbf89-7085-49c3-811a-7f5d912e4676",
      "VARTYPE" : "",
      "TYPE" : "N",
      "FUNCTION" : "PREDICT",
      "NAME" : "EM_EVENTPROBABILITY"
    },
    "rowNumber" : 2,
    "header" : null
  }, {
    "dataMap" : {
      "ROLE" : "PREDICT",
      "FORMAT" : "",
      "CREATOR" : "logisticreg",
      "LENGTH" : "8",
      "CREATORGUID" : "407fbf89-7085-49c3-811a-7f5d912e4676",
      "VARTYPE" : "",
      "TYPE" : "N",
      "FUNCTION" : "PREDICT",
      "NAME" : "EM_PROBABILITY"
    },
    "rowNumber" : 3,
    "header" : null
  }, {
    "dataMap" : {
      "ROLE" : "INPUT",
      "FORMAT" : "",
      "CREATOR" : "impute",
      "LENGTH" : "8",
      "CREATORGUID" : "47e16763-0fda-42b5-8dd0-11035e6edb20",
      "VARTYPE" : "",
      "TYPE" : "N",
      "FUNCTION" : "TRANSFORM",
      "NAME" : "IMP_CLAGE"
    },
    "rowNumber" : 4,
    "header" : null
  }, {
    "dataMap" : {
      "ROLE" : "INPUT",
      "FORMAT" : "",
      "CREATOR" : "impute",
      "LENGTH" : "8",
      "CREATORGUID" : "47e16763-0fda-42b5-8dd0-11035e6edb20",
      "VARTYPE" : "",
      "TYPE" : "N",
      "FUNCTION" : "TRANSFORM",
      "NAME" : "IMP_CLNO"
    },
    "rowNumber" : 5,
    "header" : null
  }, {
    "dataMap" : {
      "ROLE" : "INPUT",
      "FORMAT" : "",
      "CREATOR" : "impute",
      "LENGTH" : "8",
      "CREATORGUID" : "47e16763-0fda-42b5-8dd0-11035e6edb20",
      "VARTYPE" : "",
      "TYPE" : "N",
      "FUNCTION" : "TRANSFORM",
      "NAME" : "IMP_DEBTINC"
    },
    "rowNumber" : 6,
    "header" : null
  }, {
    "dataMap" : {
      "ROLE" : "INPUT",
      "FORMAT" : "",
      "CREATOR" : "impute",
      "LENGTH" : "8",
      "CREATORGUID" : "47e16763-0fda-42b5-8dd0-11035e6edb20",
      "VARTYPE" : "",
      "TYPE" : "N",
      "FUNCTION" : "TRANSFORM",
      "NAME" : "IMP_DELINQ"
    },
    "rowNumber" : 7,
    "header" : null
  }, {
    "dataMap" : {
      "ROLE" : "INPUT",
      "FORMAT" : "",
      "CREATOR" : "impute",
      "LENGTH" : "8",
      "CREATORGUID" : "47e16763-0fda-42b5-8dd0-11035e6edb20",
      "VARTYPE" : "",
      "TYPE" : "N",
      "FUNCTION" : "TRANSFORM",
      "NAME" : "IMP_DEROG"
    },
    "rowNumber" : 8,
    "header" : null
  }, {
    "dataMap" : {
      "ROLE" : "INPUT",
      "FORMAT" : "",
      "CREATOR" : "impute",
      "LENGTH" : "7",
      "CREATORGUID" : "47e16763-0fda-42b5-8dd0-11035e6edb20",
      "VARTYPE" : "",
      "TYPE" : "C",
      "FUNCTION" : "TRANSFORM",
      "NAME" : "IMP_JOB"
    },
    "rowNumber" : 9,
    "header" : null
  }, {
    "dataMap" : {
      "ROLE" : "INPUT",
      "FORMAT" : "",
      "CREATOR" : "impute",
      "LENGTH" : "8",
      "CREATORGUID" : "47e16763-0fda-42b5-8dd0-11035e6edb20",
      "VARTYPE" : "",
      "TYPE" : "N",
      "FUNCTION" : "TRANSFORM",
      "NAME" : "IMP_NINQ"
    },
    "rowNumber" : 10,
    "header" : null
  }, {
    "dataMap" : {
      "ROLE" : "INPUT",
      "FORMAT" : "",
      "CREATOR" : "impute",
      "LENGTH" : "7",
      "CREATORGUID" : "47e16763-0fda-42b5-8dd0-11035e6edb20",
      "VARTYPE" : "",
      "TYPE" : "C",
      "FUNCTION" : "TRANSFORM",
      "NAME" : "IMP_REASON"
    },
    "rowNumber" : 11,
    "header" : null
  }, {
    "dataMap" : {
      "ROLE" : "INPUT",
      "FORMAT" : "",
      "CREATOR" : "impute",
      "LENGTH" : "8",
      "CREATORGUID" : "47e16763-0fda-42b5-8dd0-11035e6edb20",
      "VARTYPE" : "",
      "TYPE" : "N",
      "FUNCTION" : "TRANSFORM",
      "NAME" : "IMP_VALUE"
    },
    "rowNumber" : 12,
    "header" : null
  }, {
    "dataMap" : {
      "ROLE" : "INPUT",
      "FORMAT" : "",
      "CREATOR" : "impute",
      "LENGTH" : "8",
      "CREATORGUID" : "47e16763-0fda-42b5-8dd0-11035e6edb20",
      "VARTYPE" : "",
      "TYPE" : "N",
      "FUNCTION" : "TRANSFORM",
      "NAME" : "IMP_YOJ"
    },
    "rowNumber" : 13,
    "header" : null
  }, {
    "dataMap" : {
      "ROLE" : "CLASSIFICATION",
      "FORMAT" : "",
      "CREATOR" : "logisticreg",
      "LENGTH" : "1",
      "CREATORGUID" : "407fbf89-7085-49c3-811a-7f5d912e4676",
      "VARTYPE" : "",
      "TYPE" : "C",
      "FUNCTION" : "CLASSIFICATION",
      "NAME" : "I_BAD"
    },
    "rowNumber" : 14,
    "header" : null
  }, {
    "dataMap" : {
      "ROLE" : "PREDICT",
      "FORMAT" : "",
      "CREATOR" : "logisticreg",
      "LENGTH" : "8",
      "CREATORGUID" : "407fbf89-7085-49c3-811a-7f5d912e4676",
      "VARTYPE" : "",
      "TYPE" : "N",
      "FUNCTION" : "PREDICT",
      "NAME" : "P_BAD0"
    },
    "rowNumber" : 15,
    "header" : null
  }, {
    "dataMap" : {
      "ROLE" : "PREDICT",
      "FORMAT" : "",
      "CREATOR" : "logisticreg",
      "LENGTH" : "8",
      "CREATORGUID" : "407fbf89-7085-49c3-811a-7f5d912e4676",
      "VARTYPE" : "",
      "TYPE" : "N",
      "FUNCTION" : "PREDICT",
      "NAME" : "P_BAD1"
    },
    "rowNumber" : 16,
    "header" : null
  } ],
  "version" : 1,
  "xInteger" : false,
  "yInteger" : false
}