{
    "name": "QS_Reg_PyModel",
    "description": "Home Equity Loan Logistic model. Multinomial Logistic Model MNLogit : BAD = const + JOB_Mgr + JOB_Office + JOB_Other + JOB_ProfExe + JOB_Sales + REASON_DebtCon + CLAGE + CLNO + DEBTINC + DELINQ + DEROG + NINQ + YOJ",
    "function": "classification",
    "scoreCodeType": "python",
    "trainTable": " ",
    "trainCodeType": "Python",
    "algorithm": "Logistic regression",
    "targetVariable": "BAD",
    "targetEvent": "1",
    "targetLevel": "BINARY",
    "eventProbVar": "EM_EVENTPROBABILITY",
    "modeler": "sasdemo",
    "tool": "Python 3",
    "toolVersion": "3.7.6"
}