{
   "creationTimeStamp": "2024-01-09T15:31:22.211Z",
   "createdBy": "edmdev",
   "modifiedTimeStamp": "2024-01-09T15:35:32.779Z",
   "modifiedBy": "edmdev",
   "id": "f1c0c33e-c5a1-4704-9744-f584550f0aa6",
   "name": "QS_Reg_PyModel",
   "description": "Home Equity Loan Logistic model. Multinomial Logistic Model MNLogit : BAD = const + JOB_Mgr + JOB_Office + JOB_Other + JOB_ProfExe + JOB_Sales + REASON_DebtCon + CLAGE + CLNO + DEBTINC + DELINQ + DEROG + NINQ + YOJ",
   "scoreCodeType": "python",
   "algorithm": "logisticreg",
   "function": "classification",
   "modeler": "sasdemo",
   "modelType": "python",
   "trainCodeType": "python",
   "trainTable": " ",
   "eventProbVar": "EM_EVENTPROBABILITY",
   "targetVariable": "BAD",
   "targetEvent": "1",
   "targetLevel": "binary",
   "tool": "Python 3",
   "toolVersion": "3.7.6",
   "publishTimeStamp": 1704814525897,
   "modelVersionName": "2.0",
   "custom properties": []
}